-- phpMyAdmin SQL Dump
-- version 5.2.1
-- https://www.phpmyadmin.net/
--
-- Host: 127.0.0.1
-- Generation Time: Nov 15, 2024 at 02:46 PM
-- Server version: 10.4.32-MariaDB
-- PHP Version: 8.2.12

SET SQL_MODE = "NO_AUTO_VALUE_ON_ZERO";
START TRANSACTION;
SET time_zone = "+00:00";


/*!40101 SET @OLD_CHARACTER_SET_CLIENT=@@CHARACTER_SET_CLIENT */;
/*!40101 SET @OLD_CHARACTER_SET_RESULTS=@@CHARACTER_SET_RESULTS */;
/*!40101 SET @OLD_COLLATION_CONNECTION=@@COLLATION_CONNECTION */;
/*!40101 SET NAMES utf8mb4 */;

--
-- Database: `projekt sklepu`
--

-- --------------------------------------------------------

--
-- Table structure for table `kategoria`
--

CREATE TABLE `kategoria` (
  `id_kategorii` int(11) NOT NULL,
  `plec` varchar(10) NOT NULL
) ENGINE=InnoDB DEFAULT CHARSET=utf8mb4 COLLATE=utf8mb4_general_ci;

--
-- Dumping data for table `kategoria`
--

INSERT INTO `kategoria` (`id_kategorii`, `plec`) VALUES
(1, 'meskie'),
(2, 'damskie'),
(3, 'unisex');

-- --------------------------------------------------------

--
-- Table structure for table `klient`
--

CREATE TABLE `klient` (
  `id_klienta` int(11) NOT NULL,
  `imie` varchar(50) NOT NULL,
  `nazwisko` varchar(50) NOT NULL,
  `telefon` varchar(30) NOT NULL,
  `miejscowosc` varchar(50) NOT NULL,
  `ulica` varchar(50) NOT NULL,
  `nr_mieszkania` varchar(50) NOT NULL,
  `kod_pocztowy` varchar(12) DEFAULT NULL
) ENGINE=InnoDB DEFAULT CHARSET=utf8mb4 COLLATE=utf8mb4_general_ci;

--
-- Dumping data for table `klient`
--

INSERT INTO `klient` (`id_klienta`, `imie`, `nazwisko`, `telefon`, `miejscowosc`, `ulica`, `nr_mieszkania`, `kod_pocztowy`) VALUES
(1, 'Orran', 'Ixor', '+506 699 619 8081', 'Esquipulas', '589 Aberg Park', '08361', '20706'),
(2, 'Deborah', 'Gration', '+226 948 972 6964', 'Boussé', '2 Haas Junction', '3681', NULL),
(3, 'Guthry', 'Peddie', '+48 483 907 4920', 'Szczurowa', '8976 Miller Plaza', '38', '32-820'),
(4, 'Paolina', 'Grishagin', '+7 107 883 6059', 'Kushchëvskaya', '6412 Blaine Hill', '3196', '352037'),
(5, 'Francesca', 'Arnow', '+86 891 738 0195', 'Xicheng', '8411 Debs Crossing', '92', NULL),
(6, 'Lyell', 'Bartolini', '+62 779 809 3191', 'Jami', '39 Muir Avenue', '6', NULL),
(7, 'Ofella', 'Gautrey', '+420 168 692 8555', 'Veselí nad Lužnicí', '1709 Michigan Lane', '16', '392 01'),
(8, 'Burlie', 'Aspden', '+86 864 234 2526', 'Mengmeng', '19 Artisan Way', '084', NULL),
(9, 'Oralla', 'Gripton', '+7 414 937 0281', 'Fryazino', '687 Summerview Road', '86', '141196'),
(10, 'Ettie', 'Herrema', '+420 341 687 9589', 'Boršice', '3 Cardinal Court', '29069', '687 10'),
(11, 'Vick', 'Howells', '+86 740 319 1519', 'Jijiang', '447 Mendota Pass', '95095', NULL),
(12, 'Max', 'Annesley', '+880 760 167 4351', 'Pirojpur', '17265 Charing Cross Place', '112', '1811'),
(13, 'Jessy', 'Jiras', '+48 832 153 0069', 'Zgłobień', '1393 Duke Pass', '30', '36-046'),
(14, 'Joelie', 'Thoumas', '+98 460 232 7904', 'Ārān Bīdgol', '7049 Brickson Park Trail', '472', NULL),
(15, 'Drew', 'Gowers', '+375 241 146 7197', 'Nyakhachava', '064 Arrowood Court', '179', NULL),
(16, 'Lavinie', 'Dudley', '+7 806 598 5487', 'Koksovyy', '628 Merry Avenue', '863', '422847'),
(17, 'Mercie', 'Gaynesford', '+46 698 466 6927', 'Uppsala', '80 Westridge Alley', '73', '752 61'),
(18, 'Dulci', 'Eustice', '+86 151 554 7941', 'Yunfeng', '52 David Crossing', '4', NULL),
(19, 'Jeffy', 'Simionescu', '+86 509 298 2365', 'Beizhouzi', '151 Badeau Park', '0116', NULL),
(20, 'Vernice', 'Menel', '+504 340 962 4040', 'Santa María del Real', '27 Truax Avenue', '72', NULL),
(21, 'Yorke', 'Lincey', '+86 816 550 1250', 'Xinshui', '5242 Oak Valley Court', '1195', NULL),
(22, 'Si', 'Antognetti', '+66 763 675 9449', 'Phon Charoen', '96 Crowley Hill', '9', '43180'),
(23, 'Tedi', 'Franey', '+48 448 747 7289', 'Grzybowa Góra', '52039 Mayfield Center', '5', '27-215'),
(24, 'Brena', 'Arp', '+66 602 564 3998', 'Ratchathewi', '6 Northland Park', '6755', '11130'),
(25, 'Lina', 'Chasney', '+351 643 108 6658', 'Fraga', '95 Burning Wood Hill', '4', '4625-445'),
(26, 'Valentia', 'Fernyhough', '+43 412 591 4601', 'Zwettl', '6 Corben Trail', '01283', '3923'),
(27, 'Roderick', 'Girardez', '+62 814 458 5343', 'Siak Sri Indrapura', '27872 Goodland Pass', '8', NULL),
(28, 'Alvira', 'Duquesnay', '+420 227 621 3552', 'Blučina', '059 Parkside Avenue', '7', '664 56'),
(29, 'Donavon', 'Kynge', '+57 903 478 8542', 'Ortega', '47 Maryland Parkway', '7', '735517'),
(30, 'Vivien', 'Gostling', '+57 549 104 7014', 'Caramanta', '91669 Surrey Court', '5', '056047'),
(31, 'Noah', 'Legate', '+7 853 260 2813', 'Tigil’', '8345 Fisk Pass', '3', '688600'),
(32, 'Marsiella', 'Deville', '+505 650 543 0764', 'Santa Teresa', '444 Riverside Trail', '51', NULL),
(33, 'Albert', 'Andersch', '+420 514 875 3786', 'Žandov', '42 Dunning Junction', '5', '403 39'),
(34, 'Sofia', 'Truelove', '+212 569 328 3055', 'Tabouda', '5125 South Parkway', '3', NULL),
(35, 'Dina', 'Kivelhan', '+52 203 742 9458', 'Adolfo Ruiz Cortines', '0 Shasta Street', '4360', '92880'),
(36, 'Kennie', 'Abramsky', '+54 111 514 5175', 'Pampa del Infierno', '07 Cardinal Alley', '28', '3708'),
(37, 'Leonie', 'Brabant', '+1 478 358 4601', 'Macon', '220 Columbus Drive', '70', '31205'),
(38, 'Pepi', 'Kovalski', '+509 377 459 9862', 'Carrefour', '1 Huxley Court', '5420', NULL),
(39, 'Wendi', 'Rasch', '+62 435 786 8846', 'Manding', '57355 Ridge Oak Trail', '62825', NULL),
(40, 'Opaline', 'D\'Onisi', '+1 310 664 0108', 'Torrance', '8918 International Way', '87', '90505'),
(41, 'Morgen', 'Duerden', '+86 138 972 6626', 'Haiyu', '5592 Vidon Way', '1422', NULL),
(42, 'Neille', 'Hasell', '+63 852 165 1592', 'Guiuan', '1697 Fieldstone Lane', '23264', '6809'),
(43, 'Jobina', 'Cavanagh', '+244 248 105 6929', 'Catabola', '94347 Iowa Avenue', '0157', NULL),
(44, 'Hollis', 'Shakesbye', '+380 743 680 1012', 'Stari Kuty', '40330 Del Mar Street', '8', NULL),
(45, 'Eunice', 'Kibbye', '+593 128 389 8986', 'Ibarra', '392 7th Park', '7', NULL),
(46, 'Ofella', 'Dugan', '+370 933 616 3704', 'Širvintos', '35 Mandrake Way', '20', '19001'),
(47, 'Reg', 'Laugier', '+55 142 960 6674', 'Pindamonhangaba', '4555 Fremont Street', '28', '12400-000'),
(48, 'Belinda', 'McGeneay', '+7 643 623 2412', 'Pristen’', '95 Sycamore Trail', '7625', '306205'),
(49, 'Cameron', 'Levington', '+55 572 277 8163', 'Valparaíso', '113 Messerschmidt Trail', '59', '16880-000'),
(50, 'Vitoria', 'Bails', '+33 391 781 5717', 'Lille', '8 Colorado Alley', '8887', '59024 CEDEX'),
(51, 'Emmalynn', 'Dallow', '+51 501 439 8106', 'Aguas Verdes', '63 Redwing Alley', '3499', NULL),
(52, 'Christy', 'Sains', '+44 775 562 8087', 'Pentre', '017 Lakeland Alley', '7', 'SY4'),
(53, 'Barry', 'Gladwell', '+30 801 751 2885', 'Kímolos', '8785 Dexter Drive', '9433', NULL),
(54, 'Mattie', 'Di Baudi', '+62 981 490 6705', 'Sakerta Timur', '8276 Grover Trail', '804', NULL),
(55, 'Ari', 'Gley', '+53 501 586 9209', 'Alquízar', '26 Bluestem Junction', '8486', NULL),
(56, 'Heidi', 'Yacob', '+1 597 485 0636', 'Espanola', '3295 Norway Maple Crossing', '95', 'P5E'),
(57, 'Gretel', 'Braywood', '+7 298 502 6562', 'Krasnoyarka', '75 Blaine Trail', '33038', '346018'),
(58, 'Amanda', 'Kuhlen', '+86 166 436 3114', 'Yanjiang', '8098 Mariners Cove Road', '74', NULL),
(59, 'Kellia', 'Echlin', '+86 116 329 4885', 'Shuangxi', '5 Cottonwood Avenue', '1', NULL),
(60, 'Ambrose', 'Anscott', '+52 513 873 8346', 'Santa Maria', '122 Bartillon Hill', '3', '97714'),
(61, 'Nyssa', 'Pitkaithly', '+54 112 194 6744', 'Zapala', '12537 Ridgeview Street', '54', '8340'),
(62, 'Christiana', 'Tear', '+994 429 541 1065', 'Xudat', '5420 Randy Road', '10204', NULL),
(63, 'Janeczka', 'Milner', '+255 943 520 7430', 'Mtimbira', '920 Oakridge Avenue', '8577', NULL),
(64, 'Robinet', 'Bradd', '+358 282 264 8739', 'Kokemäki', '419 International Crossing', '4', '32801'),
(65, 'Donnie', 'Jeyes', '+1 813 415 7231', 'Tampa', '4 Westerfield Alley', '7', '33686'),
(66, 'Merridie', 'Piatek', '+7 972 749 0246', 'Derbent', '120 Menomonie Court', '78082', '368608'),
(67, 'Shaylynn', 'Yosselevitch', '+1 182 700 7030', 'Lucaya', '120 Barby Lane', '0', NULL),
(68, 'Ali', 'Kitson', '+86 402 789 1921', 'Nanshe', '3149 Mallard Point', '49568', NULL),
(69, 'Bobinette', 'Egdale', '+62 874 913 6452', 'Cikendi', '1090 Maple Alley', '62767', NULL),
(70, 'Meir', 'Kenney', '+62 634 621 5651', 'Tlogowungu', '49 Dakota Park', '70', NULL),
(71, 'Cobby', 'Cubbin', '+7 331 798 6583', 'Povorino', '24204 Killdeer Circle', '54', '397355'),
(72, 'Angelica', 'Rabidge', '+880 783 277 8615', 'Bājitpur', '75 Truax Trail', '34697', '2338'),
(73, 'Ariana', 'Fermoy', '+63 242 488 0669', 'Pansoy', '702 Talmadge Place', '966', '6801'),
(74, 'Jerrome', 'Geater', '+30 811 581 0285', 'Pedinó', '81054 Vahlen Road', '4', NULL),
(75, 'Wheeler', 'Quarrell', '+254 652 752 7985', 'Makueni', '726 Thompson Trail', '1725', NULL),
(76, 'Geordie', 'Kegan', '+298 462 243 6961', 'Tvøroyri', '57172 Ramsey Trail', '5', '810'),
(77, 'Jasmine', 'McClenaghan', '+62 923 573 1763', 'Anjani Barat', '454 Hooker Drive', '7', NULL),
(78, 'Nicolina', 'Scrowton', '+52 436 244 6734', 'Loma Bonita', '0 Roth Park', '27770', '52740'),
(79, 'Sauveur', 'Vasilmanov', '+48 487 519 8799', 'Cisownica', '7 Dwight Alley', '153', '43-450'),
(80, 'Arturo', 'Inett', '+255 254 107 3026', 'Nungwi', '5 Village Hill', '7', NULL),
(81, 'Crawford', 'Instone', '+62 298 981 3837', 'Malapaubhara', '74 Moose Hill', '6278', NULL),
(82, 'Micaela', 'Durbin', '+234 632 433 0855', 'Suya', '02 Springs Road', '2579', NULL),
(83, 'Evonne', 'Wroath', '+48 904 787 3395', 'Kowala', '6129 West Pass', '9930', '26-680'),
(84, 'Mandy', 'Babar', '+351 687 907 0023', 'Jovim', '1342 Schurz Road', '26493', '4510-005'),
(85, 'Wyatan', 'Biswell', '+52 186 143 4615', 'Buenos Aires', '168 Hagan Avenue', '1', '47253'),
(86, 'Valerye', 'Silverstone', '+55 304 580 0170', 'Arcos', '646 Acker Avenue', '56', '35588-000'),
(87, 'Emlen', 'Antyshev', '+1 790 146 1635', 'Coaticook', '7 Caliangt Way', '04', 'J1A'),
(88, 'Carry', 'Kenton', '+62 514 769 3541', 'Bojawa', '599 Ohio Hill', '526', NULL),
(89, 'Barnabas', 'Osan', '+351 116 858 7456', 'Oliveirinha', '29218 Bartelt Hill', '87', '3810-856'),
(90, 'Opal', 'Nelthorpe', '+52 780 350 7946', 'Lazaro Cardenas', '28 Sachs Hill', '88', '49274'),
(91, 'Sande', 'Larkin', '+62 334 887 7476', 'Ketawang', '86 Jay Pass', '94', NULL),
(92, 'Merola', 'Mowlam', '+420 485 509 2715', 'Světlá nad Sázavou', '47683 Calypso Street', '79', '582 91'),
(93, 'Terese', 'Sunner', '+7 157 763 6268', 'Primorskiy', '2602 Donald Circle', '7862', '692769'),
(94, 'Creighton', 'Ottey', '+46 325 440 3745', 'Alfta', '685 Di Loreto Center', '0', '822 30'),
(95, 'Gayleen', 'Nairy', '+62 704 876 7047', 'Cilated', '815 Mesta Parkway', '46', NULL),
(96, 'Link', 'Kubasek', '+380 492 824 9186', 'Yakymivka', '6652 Nevada Avenue', '9', NULL),
(97, 'Alleen', 'Sarsfield', '+62 460 574 8517', 'Kakaek', '09780 Muir Street', '7086', NULL),
(98, 'Clarita', 'Bottrill', '+45 501 888 5876', 'København', '3548 Vera Hill', '33', '1211'),
(99, 'Jorey', 'Poupard', '+86 126 454 7879', 'Jiangyan', '581 Spenser Center', '04738', NULL),
(100, 'Elsy', 'Dunbabin', '+57 641 831 9671', 'La Victoria', '130 Sommers Pass', '085', '155007'),
(101, 'Barris', 'D\'Alessandro', '+383 469 112 8117', 'Isniq', '684 Kedzie Way', '758', NULL),
(102, 'Estrella', 'Delgaty', '+420 409 991 3521', 'Zdounky', '0 Graceland Road', '25321', '768 02'),
(103, 'Ceil', 'Arnaut', '+507 428 372 8346', 'Veracruz', '420 Hagan Drive', '52', NULL),
(104, 'Stearne', 'Rigglesford', '+351 537 772 2369', 'Chaínça', '6 Barnett Trail', '648', '2495-205'),
(105, 'Faunie', 'Mussared', '+351 344 310 7599', 'Covas', '6 Meadow Vale Pass', '2', '4560-061'),
(106, 'Franklyn', 'Kermit', '+63 463 491 3573', 'Cafe', '2 Stang Plaza', '1673', '5516'),
(107, 'Camala', 'Caramuscia', '+58 320 942 1437', 'San Francisco', '8417 Huxley Place', '081', NULL),
(108, 'Luca', 'Calan', '+86 602 332 2405', 'Xingshou', '23720 Fuller Trail', '31709', NULL),
(109, 'Floyd', 'Livings', '+86 356 128 0577', 'Longquan', '04 Karstens Street', '91', NULL),
(110, 'Vin', 'Barnet', '+48 808 790 5424', 'Baborów', '217 Kinsman Place', '41953', '48-120'),
(111, 'Abbie', 'Heaysman', '+62 239 105 3290', 'Manado', '77783 Grover Park', '5673', NULL),
(112, 'Austine', 'Crevy', '+95 440 809 9989', 'Wakema', '11 Porter Trail', '2078', NULL),
(113, 'Ronni', 'Elliman', '+55 304 794 9454', 'Osvaldo Cruz', '9 Moland Parkway', '3986', '17700-000'),
(114, 'Hermie', 'Quantrill', '+46 509 904 8590', 'Hässelby', '779 Kingsford Place', '10802', '165 60'),
(115, 'Claiborn', 'Simoes', '+385 515 669 6416', 'Martin', '412 Springview Drive', '3747', '31500'),
(116, 'Fedora', 'Drakeford', '+86 917 880 5263', 'Hewan', '1 Dottie Junction', '9108', NULL),
(117, 'Meir', 'Huguet', '+1 202 535 8913', 'Alexandria', '370 Merchant Way', '8', '22301'),
(118, 'Benjy', 'Lindores', '+373 350 476 8608', 'Ceadîr-Lunga', '947 6th Junction', '16204', 'MD-6114'),
(119, 'Flemming', 'Pyper', '+55 554 616 4910', 'Maraã', '8 Bluejay Lane', '02863', '69490-000'),
(120, 'Lief', 'Piscopiello', '+86 689 249 1892', 'Huanfeng', '84396 Warbler Court', '4', NULL),
(121, 'Violette', 'Ansell', '+63 433 699 1970', 'Caramay', '68521 Larry Trail', '0179', '1607'),
(122, 'Horst', 'Shinner', '+420 269 520 9679', 'Ústí nad Orlicí', '97577 Transport Place', '0029', '562 06'),
(123, 'Kathryne', 'Grix', '+33 290 286 3964', 'Nîmes', '35 Fairview Place', '8418', '30935 CEDEX '),
(124, 'Rodi', 'Veneur', '+33 435 529 4376', 'Draguignan', '0 Paget Junction', '83626', '83300'),
(125, 'Theobald', 'Scarman', '+234 775 472 1342', 'Gumel', '68293 Loeprich Trail', '13859', NULL),
(126, 'Burr', 'Chirm', '+86 243 942 3559', 'Longwan', '1439 Hauk Plaza', '9214', NULL),
(127, 'Ira', 'Matokhnin', '+880 478 497 4713', 'Dohār', '6 Hoepker Center', '37590', '1330'),
(128, 'Elena', 'Trymme', '+63 667 509 3974', 'Panitan', '44605 Vera Pass', '7', '5815'),
(129, 'Rachael', 'Colliar', '+86 640 739 5501', 'Jiulong', '1 1st Trail', '34', NULL),
(130, 'Lemmy', 'Barniss', '+7 329 479 2605', 'Shchelkovo', '0860 Sunnyside Alley', '71810', '306455'),
(131, 'Ellissa', 'McAulay', '+62 883 383 3181', 'Krajan Dua Sumbersari', '38 Milwaukee Circle', '93297', NULL),
(132, 'Tripp', 'Blazej', '+245 944 684 4364', 'Bissau', '79 Susan Crossing', '175', NULL),
(133, 'Odette', 'Ashbridge', '+48 742 678 3830', 'Brodnica', '09 Homewood Hill', '1', '87-302'),
(134, 'Mellicent', 'Turbefield', '+57 171 309 2980', 'Bagadó', '9414 Bayside Way', '80969', '271058'),
(135, 'Mella', 'Chaddock', '+58 221 744 7970', 'Naguanagua', '7 Oriole Drive', '19418', NULL),
(136, 'Fabian', 'Seery', '+1 443 947 0594', 'Baltimore', '8622 Pleasure Street', '1', '21229'),
(137, 'Idelle', 'Garm', '+86 919 393 5227', 'Fuyang', '14232 Crowley Street', '1933', NULL),
(138, 'Chloris', 'Sibson', '+86 392 833 5054', 'Luojiang', '40 Mallory Center', '946', NULL),
(139, 'Ayn', 'Bernardini', '+7 389 171 1812', 'Perovo', '91230 Vidon Way', '34', '453002'),
(140, 'Rod', 'Pannett', '+52 444 988 8781', 'San Miguel', '416 Morning Hill', '4', '39230'),
(141, 'Hyacinthie', 'Duffit', '+86 607 303 6379', 'Lixin', '1 Scoville Way', '7511', NULL),
(142, 'Ariadne', 'Hummerston', '+7 466 460 2398', 'Sovetskaya Gavan’', '4585 Burning Wood Trail', '4499', '682803'),
(143, 'Chantalle', 'Percy', '+55 515 305 8704', 'Porto Calvo', '365 Darwin Parkway', '6', '57900-000'),
(144, 'Dexter', 'Patkin', '+63 246 346 4406', 'Camaligan', '3 Troy Parkway', '0624', '4401'),
(145, 'Tabby', 'McGaughie', '+86 893 208 7405', 'Hekou', '77 Swallow Center', '95208', NULL),
(146, 'Oswald', 'Wybourne', '+86 476 711 5948', 'Akebielidou', '790 Di Loreto Park', '0', NULL),
(147, 'Cece', 'Cantopher', '+63 593 425 4949', 'Cartagena', '43933 Maywood Lane', '034', '2432'),
(148, 'Lenci', 'Fenech', '+249 232 299 7459', 'Kutum', '8600 Karstens Court', '03', NULL),
(149, 'Holly', 'Skentelbury', '+370 188 514 6117', 'Prienai', '7038 Northport Center', '0277', '59001'),
(150, 'Homer', 'Camplen', '+63 654 273 1471', 'Limbo', '8403 Golden Leaf Alley', '58493', '9618'),
(151, 'Ara', 'MacGuffie', '+225 365 280 6213', 'Bonoua', '4 Hayes Plaza', '084', NULL),
(152, 'Blaire', 'Linnock', '+86 445 349 8386', 'Xiaolan', '5 Carey Point', '971', NULL),
(153, 'Sheena', 'Stagge', '+63 743 488 1867', 'Pantijan No 2', '55 Prentice Pass', '1', '4133'),
(154, 'Jacquenette', 'Mariolle', '+62 302 227 8608', 'Sebedo', '92 Northwestern Crossing', '089', NULL),
(155, 'Burnard', 'Gibby', '+33 790 241 9145', 'Nantes', '839 Oak Drive', '5006', '44265 CEDEX '),
(156, 'Livia', 'Sone', '+381 996 762 2166', 'Dimitrovgrad', '283 Maple Crossing', '8411', NULL),
(157, 'Estella', 'Gumey', '+30 780 213 9825', 'Magoúla', '40 Summerview Drive', '975', NULL),
(158, 'Minne', 'Rowantree', '+63 245 148 6981', 'Prinza', '6293 Granby Crossing', '20', '4216'),
(159, 'Rafael', 'Stokell', '+86 703 668 0259', 'Xieyang', '62622 Dayton Street', '8927', NULL),
(160, 'Dev', 'Hedgeley', '+33 248 839 5849', 'Aix-en-Provence', '72815 Grasskamp Drive', '57820', '13858 CEDEX '),
(161, 'Errol', 'Boshers', '+1 862 285 4753', 'Sherwood Park', '0 Trailsway Center', '3', 'T8A'),
(162, 'Ivor', 'Stollenbeck', '+62 759 295 2326', 'Tumpang Satu', '7 Sommers Junction', '2', NULL),
(163, 'Karly', 'Stollenwerck', '+86 121 451 4087', 'Huazhai', '718 Erie Parkway', '68150', NULL),
(164, 'Kimmy', 'O\'Dowgaine', '+98 106 846 6789', 'Mollās̄ānī', '863 Amoth Street', '655', NULL),
(165, 'Merell', 'Wallen', '+351 673 282 0927', 'Vila Nova', '40 Marcy Street', '46540', '3220-523'),
(166, 'Oliver', 'Rustan', '+63 161 918 3109', 'Nunguan', '345 Northwestern Point', '192', '9610'),
(167, 'Helli', 'Camber', '+27 570 272 1469', 'Orkney', '75 Bultman Pass', '6081', '2627'),
(168, 'Alessandro', 'Eastabrook', '+51 205 303 3912', 'Socos', '754 Thompson Crossing', '37', NULL),
(169, 'Heida', 'Nelligan', '+593 998 329 5144', 'Gualaceo', '2 Merrick Avenue', '772', NULL),
(170, 'Justus', 'Daber', '+62 537 923 5355', 'Oebobo', '9 Golf Course Alley', '74342', NULL),
(171, 'Katee', 'Scoyne', '+54 289 646 1493', 'El Colorado', '178 Sutteridge Place', '063', '4618'),
(172, 'Gwen', 'Shapera', '+62 894 565 6850', 'Karangranjong', '9833 Straubel Center', '0', NULL),
(173, 'Margaux', 'Martynka', '+86 682 619 9003', 'Laiwu', '9110 Northridge Court', '76650', NULL),
(174, 'Idette', 'Ruslin', '+86 575 313 1637', 'Hengqiao', '26 Mayer Street', '68654', NULL),
(175, 'Tillie', 'Gilliat', '+48 356 909 8738', 'Potok Złoty', '52335 Ryan Alley', '1', '02-913'),
(176, 'Vanny', 'Maymond', '+30 545 560 4068', 'Néa Vrasná', '8 Stone Corner Crossing', '2', NULL),
(177, 'Beth', 'Caldera', '+63 311 937 8089', 'Palagao Norte', '35151 Pankratz Circle', '8', '0918'),
(178, 'Fleming', 'Louw', '+7 711 444 3329', 'Verkhoshizhem’ye', '97 3rd Trail', '8550', '613310'),
(179, 'Jermaine', 'Pyzer', '+880 741 693 8655', 'Rājshāhi', '488 Algoma Center', '40', '6100'),
(180, 'Tamar', 'Emmatt', '+62 737 590 8269', 'Pahonjean', '70 Spenser Alley', '809', NULL),
(181, 'Angus', 'Rathborne', '+46 791 305 1174', 'Vänersborg', '3314 Fairview Crossing', '74993', '462 22'),
(182, 'Parry', 'Steedman', '+86 595 462 4406', 'Jiaxing', '791 Canary Lane', '115', NULL),
(183, 'Pearline', 'Last', '+66 874 106 0995', 'Non Sung', '27 Bowman Park', '951', '30160'),
(184, 'Basile', 'Baraclough', '+7 299 496 0305', 'Usman’', '4 Bonner Circle', '4630', '399373'),
(185, 'Neysa', 'Dewhirst', '+86 692 805 7550', 'Zhongxiao', '3 Coleman Trail', '8918', NULL),
(186, 'Amble', 'Loggie', '+7 248 382 0496', 'Novomichurinsk', '8493 Rieder Hill', '3102', '216464'),
(187, 'Cherie', 'Linney', '+351 141 378 4253', 'Odeleite', '9 Nobel Terrace', '24291', '8950-355'),
(188, 'Merill', 'Dietz', '+381 284 312 3062', 'Joševa', '890 Karstens Crossing', '02', NULL),
(189, 'Ulick', 'Bradock', '+7 511 435 8334', 'Blagoveshchensk', '18895 Debs Center', '89', '675029'),
(190, 'Darsie', 'Hand', '+49 101 294 0220', 'Braunschweig', '2 Twin Pines Street', '8545', '38126'),
(191, 'Basil', 'Claffey', '+81 437 754 9281', 'Kawaguchi', '06826 Buhler Trail', '2', '999-5203'),
(192, 'Alonzo', 'Folcarelli', '+66 734 112 9300', 'Ban Mai', '2 Katie Circle', '813', '50260'),
(193, 'Winona', 'Gisbey', '+46 916 167 6047', 'Bålsta', '4 Dakota Park', '1', '746 40'),
(194, 'Luis', 'Giovanizio', '+86 801 201 7682', 'Yangyu', '4 Hoepker Drive', '827', NULL),
(195, 'Deeyn', 'Geeson', '+86 818 175 2130', 'Baimangpu', '70485 Blue Bill Park Hill', '5', NULL),
(196, 'Jinny', 'MacWilliam', '+244 539 409 1580', 'Nzeto', '215 Crownhardt Park', '201', NULL),
(197, 'Mahala', 'Zorzi', '+66 714 695 5113', 'Ongkharak', '9 Melrose Alley', '59', '55160'),
(198, 'Jaquith', 'Shipston', '+7 735 372 2909', 'Sokol’niki', '63731 Anhalt Road', '7', '422343'),
(199, 'Maritsa', 'Gillson', '+57 470 760 6095', 'Soledad', '4879 Westport Plaza', '15', '083010'),
(200, 'Jeffry', 'Wheelhouse', '+86 831 223 6368', 'Wuli', '263 Fair Oaks Way', '94', NULL),
(201, 'Cameron', 'Campes', '+502 563 601 5812', 'Santa Cruz Balanyá', '8 South Street', '72753', '04015'),
(202, 'Lenka', 'Weems', '+84 720 485 1406', 'Hội An', '38888 Fuller Plaza', '41085', NULL),
(203, 'Calhoun', 'Doghartie', '+63 119 787 2782', 'Liliongan', '24 Mitchell Pass', '82712', '2616'),
(204, 'Shelley', 'Adamou', '+98 784 928 4041', 'Razan', '08 Veith Point', '8', NULL),
(205, 'Zebedee', 'Whiley', '+595 262 777 0832', 'Nemby', '70 Mesta Plaza', '541', NULL),
(206, 'Alisander', 'Strapp', '+381 775 523 6744', 'Gložan', '44 Tony Court', '2', NULL),
(207, 'Jamaal', 'Maving', '+52 747 268 2933', 'Jose Maria Morelos', '5 Memorial Pass', '836', '94453'),
(208, 'Mabelle', 'Peller', '+86 803 593 8188', 'Fengdian', '93986 Westend Plaza', '61310', NULL),
(209, 'Brana', 'Torbeck', '+353 556 598 7952', 'Charlesland', '2 Memorial Park', '80832', 'A63'),
(210, 'Teressa', 'Attril', '+355 122 916 8678', 'Vlorë', '5 Rockefeller Trail', '6', NULL),
(211, 'Tedi', 'Talloe', '+81 127 527 2238', 'Kamakura', '07 Corben Street', '8', '930-2111'),
(212, 'Arman', 'Camden', '+591 774 640 5287', 'Puerto Quijarro', '434 Stuart Hill', '5', NULL),
(213, 'Tessie', 'Eivers', '+94 298 149 0502', 'Dambulla', '73 Rieder Alley', '077', '21100'),
(214, 'Duke', 'Bluck', '+389 788 814 7352', 'Poroj', '5 High Crossing Plaza', '9877', '1216'),
(215, 'Ranique', 'Domenici', '+86 675 130 0838', 'Baoshi', '32298 Lindbergh Terrace', '6370', NULL),
(216, 'Sophia', 'Reely', '+1 597 271 1445', 'Carolina', '8 Coleman Lane', '51', '00987'),
(217, 'Roseline', 'Thoumas', '+355 703 433 9362', 'Dërmënas', '6534 Sherman Center', '3', NULL),
(218, 'Al', 'Themann', '+86 673 325 3916', 'Jianli', '651 Butterfield Trail', '29', NULL),
(219, 'Louisette', 'Tofanelli', '+86 192 235 1733', 'Qizhen', '7650 Straubel Pass', '837', NULL),
(220, 'Arvin', 'Berrigan', '+86 925 971 3697', 'Sanxi', '4 Transport Circle', '815', NULL),
(221, 'Lindsey', 'Downes', '+63 242 235 5570', 'Luna', '7878 Golf Parkway', '1959', '3813'),
(222, 'Chrisse', 'Pinches', '+86 302 938 8372', 'Chiba', '6 Goodland Pass', '74083', NULL),
(223, 'Linc', 'Hardeman', '+48 817 242 7485', 'Kamienna Góra', '00 Lake View Hill', '969', '58-402'),
(224, 'Blair', 'Lukesch', '+92 726 924 9658', 'Wārāh', '42525 La Follette Park', '3', '77041'),
(225, 'Candide', 'Jeandin', '+86 157 441 7482', 'Zengjia', '88993 Vernon Junction', '9', NULL),
(226, 'Anthiathia', 'Shury', '+30 552 757 5338', 'Limín Khersonísou', '61 Bluejay Way', '2', NULL),
(227, 'Clarette', 'McGorman', '+63 265 739 2136', 'Santo Domingo', '2046 Monument Road', '77976', '4508'),
(228, 'Paxton', 'Dubbin', '+976 112 126 6933', 'Rashaant', '6259 Golf View Parkway', '0129', NULL),
(229, 'Christophe', 'De Cristoforo', '+81 909 385 5253', 'Toyohama', '1861 Northwestern Park', '835', '819-0014'),
(230, 'Pyotr', 'Iacomettii', '+86 910 156 6780', 'Qinglong', '91 Dakota Parkway', '6900', NULL),
(231, 'Bard', 'Plumptre', '+30 541 348 9684', 'Xylaganí', '47 Morning Drive', '104', NULL),
(232, 'Silvan', 'Bloss', '+62 316 986 0341', 'Bata Tengah', '4189 Jackson Lane', '56927', NULL),
(233, 'Daisey', 'Clough', '+63 655 608 9298', 'Kitapak', '96049 Green Ridge Court', '4', '6711'),
(234, 'Edward', 'Wyss', '+963 234 598 9272', 'Al Buţayḩah', '83477 Buena Vista Plaza', '31', NULL),
(235, 'Letitia', 'Delue', '+7 250 560 8557', 'Khilok', '509 Kingsford Lane', '27471', '673201'),
(236, 'Ferne', 'Kellart', '+55 512 234 0071', 'Juàzeirinho', '06 Paget Place', '4831', '58823-000'),
(237, 'Ora', 'Cordeau]', '+976 108 375 1155', 'Oygon', '300 Derek Junction', '3', NULL),
(238, 'Buck', 'Brewer', '+86 246 592 8057', 'Wuhe Chengguanzhen', '827 Caliangt Trail', '14', NULL),
(239, 'Sutherland', 'Plessing', '+7 201 801 9867', 'Ordzhonikidze', '3 Hayes Avenue', '3991', NULL),
(240, 'Charmain', 'Boase', '+7 945 937 8345', 'Khosta', '95592 Duke Pass', '774', '354395'),
(241, 'Michal', 'Blaik', '+598 441 442 5724', 'Young', '94534 Bonner Junction', '8', NULL),
(242, 'Klarika', 'McCalister', '+46 479 880 8136', 'Ljungbyholm', '016 Barnett Point', '3', '388 31'),
(243, 'Davidde', 'Maytom', '+86 769 606 0456', 'Liushikou', '6283 Lukken Hill', '8401', NULL),
(244, 'Marcela', 'Fellon', '+62 920 535 2591', 'Krajan Timur Mlokorejo', '913 Dahle Lane', '4926', NULL),
(245, 'Carmen', 'Henstone', '+63 763 894 1693', 'Palangue', '95 Amoth Plaza', '363', '4110'),
(246, 'Keefer', 'Sheering', '+92 151 671 5230', 'Bhalwāl', '0623 Merchant Road', '828', '24011'),
(247, 'Eben', 'Pawsey', '+33 573 600 9237', 'La Rochelle', '4694 Lakewood Gardens Way', '2', '17014 CEDEX '),
(248, 'Karissa', 'Ashwin', '+86 554 941 5020', 'Ximapo', '6529 Luster Lane', '3481', NULL),
(249, 'Matteo', 'Georgot', '+7 219 431 2097', 'Kamenka', '6058 Miller Pass', '0', '162017'),
(250, 'Bev', 'Fargie', '+47 591 798 3653', 'Halden', '7 Roth Court', '803', '1768'),
(251, 'Godfree', 'Bruckner', '+420 313 259 5574', 'Ludgeřovice', '870 Laurel Circle', '4', '747 14'),
(252, 'Marven', 'Baily', '+63 689 896 1038', 'Pio', '98892 Moland Trail', '5', '2006'),
(253, 'Idalina', 'Goldman', '+86 284 711 1071', 'Changning', '73855 Lawn Avenue', '402', NULL),
(254, 'Moritz', 'Majury', '+359 654 409 8767', 'Kozloduy', '8 Golf Course Parkway', '27', '3320'),
(255, 'Ingmar', 'Gabbot', '+54 637 778 2586', 'Tafí Viejo', '26 Tony Plaza', '04', '4105'),
(256, 'Heloise', 'Newlove', '+47 522 652 1803', 'Sandnes', '62 Tennessee Plaza', '3290', '4396'),
(257, 'Coreen', 'Dossantos', '+502 739 265 0168', 'Oratorio', '5555 Lunder Crossing', '53441', '06006'),
(258, 'Jasmina', 'Grinyakin', '+1 813 597 0097', 'Zephyrhills', '1841 Londonderry Pass', '0', '33543'),
(259, 'Baily', 'Brunton', '+62 563 285 4287', 'Sarae', '423 Moose Alley', '91261', NULL),
(260, 'Lacy', 'Strowthers', '+86 605 760 4100', 'Duping', '2680 Transport Hill', '409', NULL),
(261, 'Antonin', 'De Moreno', '+86 891 191 9692', 'Haocun', '7470 Manley Alley', '5823', NULL),
(262, 'Enrichetta', 'Capoun', '+55 311 995 0645', 'Encantado', '11470 Buhler Pass', '17435', '95960-000'),
(263, 'Kurtis', 'Pettiward', '+251 313 567 0587', 'Leku', '440 Thierer Hill', '3210', NULL),
(264, 'Niki', 'Cowerd', '+92 288 695 5000', 'Bhiria', '38 Hovde Street', '72', '67321'),
(265, 'Timmy', 'Karpeev', '+63 903 477 2138', 'Tawala', '2357 Autumn Leaf Park', '897', '5109'),
(266, 'Keelby', 'Gambie', '+30 736 454 3826', 'Kalamáta', '23 Cascade Alley', '2139', NULL),
(267, 'Archambault', 'Eshelby', '+420 444 779 5110', 'Malé Svatoňovice', '831 Farmco Way', '6', '542 34'),
(268, 'Lauri', 'Pegg', '+1 214 268 6004', 'North Perth', '77320 4th Lane', '8', 'E6J'),
(269, 'Millie', 'Burrell', '+57 906 526 9505', 'Girardot', '424 Cordelia Avenue', '76891', '252437'),
(270, 'Glynda', 'MacAdam', '+55 220 138 0222', 'Benevides', '5 Sage Circle', '84274', '68795-000'),
(271, 'Brandyn', 'Jameson', '+595 571 329 5109', 'Villa Hayes', '79454 Butterfield Lane', '4', NULL),
(272, 'Kyle', 'Bernadzki', '+47 577 936 7397', 'Bodø', '51351 Atwood Drive', '3', '8015'),
(273, 'Morley', 'Keysall', '+62 406 784 8026', 'Purwodadi', '3898 Declaration Lane', '9695', NULL),
(274, 'Michelina', 'Curror', '+86 530 976 5462', 'Yangxi', '6 Veith Hill', '9274', NULL),
(275, 'Frasco', 'Fluck', '+291 433 708 2557', 'Teseney', '50 Badeau Avenue', '7', NULL),
(276, 'Elnar', 'Shetliff', '+63 335 521 8638', 'Bundoc', '596 Meadow Valley Park', '26937', '3515'),
(277, 'Thaddus', 'Goulborne', '+505 236 606 3115', 'La Paz Centro', '10 Mallard Circle', '31737', NULL),
(278, 'Ivan', 'MacCallum', '+964 347 275 6726', 'Koysinceq', '23653 Almo Parkway', '3', NULL),
(279, 'Rutger', 'De la Zenne', '+62 321 308 6643', 'Cibiru', '887 Alpine Place', '6496', NULL),
(280, 'Ted', 'Armatage', '+86 823 230 8989', 'Shi’an', '2 Nova Avenue', '24218', NULL),
(281, 'Van', 'Pursehouse', '+33 247 501 7203', 'Pau', '9 Algoma Drive', '404', '64004 CEDEX'),
(282, 'Ladonna', 'Hackly', '+62 978 833 0071', 'Jungutbatu Kaja Dua', '532 Brown Crossing', '24', NULL),
(283, 'Jo-anne', 'Lankham', '+86 966 823 4951', 'Chengqiao', '10486 Lindbergh Drive', '5', NULL),
(284, 'Clare', 'Evershed', '+506 752 394 5290', 'San Isidro', '94007 Marcy Road', '24', '12004'),
(285, 'Shelden', 'Rosenzveig', '+7 880 469 9603', 'Plyussa', '82 Warner Point', '36', '181000'),
(286, 'Cate', 'Klainer', '+30 704 913 9089', 'Vrilissia', '87 Arapahoe Circle', '7', NULL),
(287, 'Jesus', 'Hursey', '+27 530 833 0938', 'Creighton', '9660 Service Point', '484', '3263'),
(288, 'Corty', 'Boocock', '+244 685 413 7418', 'Soio', '00 Manitowish Drive', '081', NULL),
(289, 'Brice', 'McRobert', '+389 332 502 3432', 'Gurgurnica', '771 Waxwing Plaza', '4', '7314'),
(290, 'Johna', 'Honnicott', '+63 130 264 4907', 'San Sebastian', '71822 Norway Maple Hill', '48398', '6714'),
(291, 'Jeanna', 'Toor', '+1 867 438 5191', 'Sabana Grande de Boyá', '9393 Southridge Avenue', '58', '10136'),
(292, 'Ferris', 'Barthelet', '+381 477 362 0900', 'Tršić', '7 Dwight Road', '006', NULL),
(293, 'Dahlia', 'Diggins', '+48 268 994 9642', 'Ursus', '07875 Brentwood Terrace', '4', '05-850'),
(294, 'Cherice', 'Carsberg', '+51 256 847 4765', 'Sicaya', '11630 Shopko Court', '19', NULL),
(295, 'Edd', 'Lowmass', '+7 340 763 8583', 'Sofrino', '5 Bluestem Center', '57947', '403159'),
(296, 'Faith', 'Radclyffe', '+55 666 128 0518', 'Cambebba', '69 Talmadge Center', '00978', '27570-000'),
(297, 'Raychel', 'Rankine', '+977 338 833 2537', 'Dārchulā', '5 Springs Lane', '58690', NULL),
(298, 'Jacklyn', 'Tremlett', '+1 585 685 2474', 'Rochester', '010 Summerview Drive', '8', '14614'),
(299, 'Crichton', 'Banasik', '+63 988 514 6993', 'Tipaz', '49 Fair Oaks Parkway', '2895', '6616'),
(300, 'Tabbie', 'Murfin', '+49 696 494 4944', 'Wuppertal', '7 Mallory Pass', '5810', '42349'),
(302, 'test', 'test', '123456789', 'test', 'test', '1', '12-345'),
(304, 'admin', 'admin', '', '', '', '', NULL),
(305, 'test', 'test', '534290463', 'test', 'test', '1', '12-345');

-- --------------------------------------------------------

--
-- Table structure for table `logowanie`
--

CREATE TABLE `logowanie` (
  `id_logowania` int(11) NOT NULL,
  `id_klienta` int(11) NOT NULL,
  `email` varchar(255) NOT NULL,
  `hashed_password` varchar(225) NOT NULL,
  `role` varchar(20) NOT NULL DEFAULT 'user'
) ENGINE=InnoDB DEFAULT CHARSET=utf8mb4 COLLATE=utf8mb4_general_ci;

--
-- Dumping data for table `logowanie`
--

INSERT INTO `logowanie` (`id_logowania`, `id_klienta`, `email`, `hashed_password`, `role`) VALUES
(1, 1, 'hpulsford0@jalbum.net', 'sZ1,\'xK}!!Nn7', 'user'),
(2, 2, 'jdoe@example.com', 'aBc!23#XyZ', 'user'),
(3, 3, 'msmith@example.com', 'QwErTy!98@', 'user'),
(4, 4, 'ljones@example.com', 'pAss1234!@#', 'user'),
(5, 5, 'jroberts@example.com', 'yU7!rTe$WQ', 'user'),
(6, 6, 'klee@example.com', 'My$eCr3t!12', 'user'),
(7, 7, 'pwong@example.com', 'H#sK2!nM32', 'user'),
(8, 8, 'sdavis@example.com', 'W3$Yp!sLk9', 'user'),
(9, 9, 'arogers@example.com', 'nF!34zT#67', 'user'),
(10, 10, 'bclark@example.com', 'R@5FgHy2$!', 'user'),
(11, 11, 'gmartin@example.com', 'tGr#2!Lo90', 'user'),
(12, 12, 'hjackson@example.com', 'vB@N6k!9Qs', 'user'),
(13, 13, 'nwilson@example.com', 'G!q2XtOp#1', 'user'),
(14, 14, 'ecarter@example.com', 'L7gH!o6Ys@', 'user'),
(15, 15, 'gwhite@example.com', 'Hf!9PqT@4r', 'user'),
(16, 16, 'tmoore@example.com', 'kL@p8T#1Mw', 'user'),
(17, 17, 'rmurphy@example.com', 'J!3ZnLq0^x', 'user'),
(18, 18, 'lthomas@example.com', 'Fw#7Kg!p2Q', 'user'),
(19, 19, 'hward@example.com', 'V4@t!Lc7Rp', 'user'),
(20, 20, 'dperez@example.com', 'N!m8QxR4$o', 'user'),
(21, 21, 'slopez@example.com', 'pS#5FtK1!v', 'user'),
(22, 22, 'hking@example.com', 'Q!lX2uT9@a', 'user'),
(23, 23, 'jmiller@example.com', 'R#7yN!3mHx', 'user'),
(24, 24, 'pwalker@example.com', 'K!9yLpT4#s', 'user'),
(25, 25, 'bcampbell@example.com', 'Z2@kGrQ!p5', 'user'),
(26, 26, 'arodriguez@example.com', 'L#3WpN!7yT', 'user'),
(27, 27, 'nmartinez@example.com', 'X1!tJpR#9o', 'user'),
(28, 28, 'dbaker@example.com', 'Y!5jKlQ2@r', 'user'),
(29, 29, 'dhernandez@example.com', 'M9@!kTq2#b', 'user'),
(30, 30, 'gparker@example.com', 'V@3fGn1!9L', 'user'),
(31, 31, 'pgriffin@example.com', 'T2#oYr$!9k', 'user'),
(32, 32, 'cmorgan@example.com', 'B5@eWl!3Qt', 'user'),
(33, 33, 'cstewart@example.com', 'X1$zGt!2Pk', 'user'),
(34, 34, 'jbarnes@example.com', 'L!4nMkT2@p', 'user'),
(35, 35, 'jallen@example.com', 'S7@vJkR#6y', 'user'),
(36, 36, 'klewis@example.com', 'W!1hOpY2#l', 'user'),
(37, 37, 'dturner@example.com', 'M8#fPx@7Ls', 'user'),
(38, 38, 'swatson@example.com', 'Z5@hTlP2!y', 'user'),
(39, 39, 'cooper@example.com', 'Q1@pRx$5Ym', 'user'),
(40, 40, 'mbryant@example.com', 'V9#oLk$1Rs', 'user'),
(41, 41, 'rhill@example.com', 'U6@tLp!2Nz', 'user'),
(42, 42, 'kjames@example.com', 'N2!oHpT#3z', 'user'),
(43, 43, 'wscott@example.com', 'F5@yLs@2Nk', 'user'),
(44, 44, 'jyoung@example.com', 'C8!kTr@3Lx', 'user'),
(45, 45, 'smorris@example.com', 'P4#nZl$1Wy', 'user'),
(46, 46, 'mnelson@example.com', 'G3!yKr@6Hp', 'user'),
(47, 47, 'reynolds@example.com', 'X5@hMj!8Tl', 'user'),
(48, 48, 'bjames@example.com', 'H9!oPz@7Ny', 'user'),
(49, 49, 'gmartinez@example.com', 'L2!kFt@5Pz', 'user'),
(50, 50, 'lclark@example.com', 'K1!yRo$8Xv', 'user'),
(51, 51, 'bbrown@example.com', 'S7@tLf!2Km', 'user'),
(52, 52, 'rthompson@example.com', 'N4!pXl@3Vy', 'user'),
(53, 53, 'ksanchez@example.com', 'P3@hTy!9Ml', 'user'),
(54, 54, 'cwalker@example.com', 'M6!zYp#4Ls', 'user'),
(55, 55, 'dmiller@example.com', 'G2!tKx$5Jy', 'user'),
(56, 56, 'ddavis@example.com', 'F8@zLj!2Qr', 'user'),
(57, 57, 'arodriguez@example.com', 'Q9@lTr$7Ny', 'user'),
(58, 58, 'jmorris@example.com', 'Z3!kFt@8Qp', 'user'),
(59, 59, 'rbell@example.com', 'H5!oLx@9Js', 'user'),
(60, 60, 'djones@example.com', 'C7@yMp#4Wz', 'user'),
(61, 61, 'ksmith@example.com', 'L2@pNz!7Tr', 'user'),
(62, 62, 'hmartinez@example.com', 'M3!xPl@5Yv', 'user'),
(63, 63, 'ewhite@example.com', 'V9@tLk!1Cr', 'user'),
(64, 64, 'blong@example.com', 'P8!jKr@2Zy', 'user'),
(65, 65, 'adavis@example.com', 'S3@kTl#9Xp', 'user'),
(66, 66, 'kgonzalez@example.com', 'N4!yMz@8Pl', 'user'),
(67, 67, 'ewright@example.com', 'C2!hLp$5Wz', 'user'),
(68, 68, 'mwilson@example.com', 'F7@kMt!1Ny', 'user'),
(69, 69, 'dfisher@example.com', 'K1!yRp@8Wv', 'user'),
(70, 70, 'ebrown@example.com', 'G3@hLp!2Mz', 'user'),
(71, 71, 'arodriguez@example.com', 'T6!nLk#7Py', 'user'),
(72, 72, 'gmartin@example.com', 'W8@jRt$1Vy', 'user'),
(73, 73, 'cwright@example.com', 'M2!yKp@9Hz', 'user'),
(74, 74, 'jdiaz@example.com', 'X5!oYr#3Wp', 'user'),
(75, 75, 'jsmith@example.com', 'N7@kTl$4Jr', 'user'),
(76, 76, 'psanchez@example.com', 'L1@hWp!6Mz', 'user'),
(77, 77, 'jphillips@example.com', 'F4!yLp@2Vr', 'user'),
(78, 78, 'cbaker@example.com', 'Q8@lNt!5Pz', 'user'),
(79, 79, 'hlee@example.com', 'S3!oKp#1Jv', 'user'),
(80, 80, 'jthomas@example.com', 'C7!tLp@4Mz', 'user'),
(81, 81, 'slee@example.com', 'N9@kWt$1Yr', 'user'),
(82, 82, 'amartin@example.com', 'G5!jLp@7Tr', 'user'),
(83, 83, 'rbrown@example.com', 'X2@oLy!8Qp', 'user'),
(84, 84, 'kperez@example.com', 'F1!yNp@9Hr', 'user'),
(85, 85, 'gharris@example.com', 'L4!tKp#5Xy', 'user'),
(86, 86, 'dmartin@example.com', 'M7@zWp!3Jy', 'user'),
(87, 87, 'sroberts@example.com', 'K2@hLp#6Vy', 'user'),
(88, 88, 'rramirez@example.com', 'T1!oNp@7Kr', 'user'),
(89, 89, 'ssanders@example.com', 'C5!tLz#4Yv', 'user'),
(90, 90, 'dhill@example.com', 'V2@kPp$9Qr', 'user'),
(91, 91, 'rmorris@example.com', 'Q4!jLp!5Ks', 'user'),
(92, 92, 'kwilliams@example.com', 'P6@hRt$1Jy', 'user'),
(93, 93, 'csanchez@example.com', 'L9!zWp!8Mz', 'user'),
(94, 94, 'fgomez@example.com', 'G3@kLy#5Vr', 'user'),
(95, 95, 'jjames@example.com', 'W8@hLp$1Zy', 'user'),
(96, 96, 'cbryant@example.com', 'M2!tNp@7Pr', 'user'),
(97, 97, 'jperez@example.com', 'S4!yRt#8Mz', 'user'),
(98, 98, 'dgriffin@example.com', 'X9@oLp!6Yr', 'user'),
(99, 99, 'tward@example.com', 'N7@jWp$2Kr', 'user'),
(100, 100, 'jsmith@example.com', 'V3!pYr@4Mz', 'user'),
(101, 101, 'sophia.jenkins@example.com', 'xT7#nY*29Kz', 'user'),
(102, 102, 'michael.robinson@example.com', 'dG4&cX^41Jp', 'user'),
(103, 103, 'emma.harrison@example.com', 'jM8$hT+73Nf', 'user'),
(104, 104, 'liam.jordan@example.com', 'rK2!qW@55Zs', 'user'),
(105, 105, 'olivia.morris@example.com', 'yL6%xV&82Fb', 'user'),
(106, 106, 'noah.turner@example.com', 'uP5^sQ@18Hm', 'user'),
(107, 107, 'isabella.holmes@example.com', 'cN9&dB*34Pt', 'user'),
(108, 108, 'william.cooper@example.com', 'aF1@vK#29Jr', 'user'),
(109, 109, 'mia.evans@example.com', 'oT3$xM!57Bz', 'user'),
(110, 110, 'james.murphy@example.com', 'lQ9@xA$60Hb', 'user'),
(111, 111, 'amelia.jones@example.com', 'tN2^vQ&47Sc', 'user'),
(112, 112, 'ethan.carter@example.com', 'kF8#nM+32Vb', 'user'),
(113, 113, 'harper.jackson@example.com', 'bM4$zT!98Dx', 'user'),
(114, 114, 'mason.adams@example.com', 'fR5@wY^15Np', 'user'),
(115, 115, 'ella.brooks@example.com', 'zT6&kL@42Rm', 'user'),
(116, 116, 'logan.collins@example.com', 'hV7#dN$59Lq', 'user'),
(117, 117, 'scarlett.young@example.com', 'qL2@jM*68Xo', 'user'),
(118, 118, 'jacob.king@example.com', 'wM8^rK$27Zp', 'user'),
(119, 119, 'sophia.scott@example.com', 'mY3!kJ&45Ht', 'user'),
(120, 120, 'jack.wright@example.com', 'yL6@pB#34Qn', 'user'),
(121, 121, 'chloe.green@example.com', 'rN5%xA@23Zq', 'user'),
(122, 122, 'alexis.lee@example.com', 'lF4*oR&56Dy', 'user'),
(123, 123, 'lily.hill@example.com', 'cT9$zV@71Bx', 'user'),
(124, 124, 'benjamin.clark@example.com', 'tP3&fN*68Kc', 'user'),
(125, 125, 'hannah.hall@example.com', 'nR7#xL@52Gt', 'user'),
(126, 126, 'grace.thompson@example.com', 'zY1!wK$27Fx', 'user'),
(127, 127, 'lucas.wood@example.com', 'jD8@qM#53Rz', 'user'),
(128, 128, 'ella.james@example.com', 'vN3!sY$15Pt', 'user'),
(129, 129, 'jackson.walker@example.com', 'yB7@oL*42Fw', 'user'),
(130, 130, 'scarlett.cook@example.com', 'pM5$kV^60Dn', 'user'),
(131, 131, 'andrew.baker@example.com', 'qR9&zJ@48Ws', 'user'),
(132, 132, 'harper.martin@example.com', 'mN6!wX$33Hp', 'user'),
(133, 133, 'avery.taylor@example.com', 'oF8%jM&67Dn', 'user'),
(134, 134, 'daniel.morris@example.com', 'cQ3@rV$41Kt', 'user'),
(135, 135, 'zoey.clark@example.com', 'pY5#oN*28Fx', 'user'),
(136, 136, 'carter.wright@example.com', 'tL7@jM$29Gp', 'user'),
(137, 137, 'stella.smith@example.com', 'mB8%qL*32Nz', 'user'),
(138, 138, 'hunter.brown@example.com', 'xR3$yT@58Fq', 'user'),
(139, 139, 'brooke.adams@example.com', 'cK6^jN&47Po', 'user'),
(140, 140, 'sebastian.robinson@example.com', 'vT9#fM*62Lp', 'user'),
(141, 141, 'natalie.jackson@example.com', 'hY5@wL$29Gz', 'user'),
(142, 142, 'ryan.white@example.com', 'yK3!vQ&34Np', 'user'),
(143, 143, 'maria.harris@example.com', 'kP4@xV*47Fy', 'user'),
(144, 144, 'dylan.lee@example.com', 'bT8#rJ$56Gw', 'user'),
(145, 145, 'sarah.clark@example.com', 'nM5@oX*28Jp', 'user'),
(146, 146, 'cole.green@example.com', 'tL2$zQ&59Kt', 'user'),
(147, 147, 'camila.jones@example.com', 'wY8@kB$37Zx', 'user'),
(148, 148, 'jordan.miller@example.com', 'cR6%jM*53Gp', 'user'),
(149, 149, 'hailey.young@example.com', 'xQ3@lN$28Bw', 'user'),
(150, 150, 'parker.mitchell@example.com', 'yT7^oM*45Fx', 'user'),
(151, 151, 'maria.martinez@example.com', 'zA5@vR#32Mx', 'user'),
(152, 152, 'liam.hayes@example.com', 'pQ8^oK$21Wb', 'user'),
(153, 153, 'nora.williams@example.com', 'lF3@jX!60Dy', 'user'),
(154, 154, 'lucas.turner@example.com', 'cG9$zM*73Tn', 'user'),
(155, 155, 'amelia.king@example.com', 'vT7#xQ@47Rp', 'user'),
(156, 156, 'alex.murphy@example.com', 'hK2!rL&58Zt', 'user'),
(157, 157, 'oliver.hughes@example.com', 'nF6%xD$32Lw', 'user'),
(158, 158, 'chloe.gray@example.com', 'tM5#kA@69Pq', 'user'),
(159, 159, 'daniel.cook@example.com', 'mY4@vR$20Kt', 'user'),
(160, 160, 'sophia.evans@example.com', 'wB9#jN*51Lx', 'user'),
(161, 161, 'liam.white@example.com', 'oT6^yX!38Fn', 'user'),
(162, 162, 'zoey.ramirez@example.com', 'bP8@tM$22Gx', 'user'),
(163, 163, 'jackson.roberts@example.com', 'xR5!lK#37Np', 'user'),
(164, 164, 'emily.green@example.com', 'zF3%kQ&58Dz', 'user'),
(165, 165, 'aiden.campbell@example.com', 'qT7@pY$40Mw', 'user'),
(166, 166, 'ella.flores@example.com', 'dY2^cN#31Jt', 'user'),
(167, 167, 'ryan.ross@example.com', 'yM4%xR*62Lp', 'user'),
(168, 168, 'stella.morris@example.com', 'pK8&jL@53Tx', 'user'),
(169, 169, 'michael.ward@example.com', 'vF9^lN!41Yq', 'user'),
(170, 170, 'emma.morris@example.com', 'oR2@xV*39Gt', 'user'),
(171, 171, 'scarlett.green@example.com', 'hT6!kQ@24Jp', 'user'),
(172, 172, 'luke.sanchez@example.com', 'mP8#yN$52Zt', 'user'),
(173, 173, 'avery.thomas@example.com', 'tF3%oK@67Wz', 'user'),
(174, 174, 'natalie.bennett@example.com', 'cR9@jL*41Xq', 'user'),
(175, 175, 'gabriel.adams@example.com', 'yY6$kV!28Pt', 'user'),
(176, 176, 'maddie.james@example.com', 'xT5@oD&39Mn', 'user'),
(177, 177, 'logan.harris@example.com', 'jQ7#pY$56Fx', 'user'),
(178, 178, 'zoe.martinez@example.com', 'tK3^lN!25Gw', 'user'),
(179, 179, 'ethan.wood@example.com', 'pY8!vM$30Kt', 'user'),
(180, 180, 'bella.wilson@example.com', 'oF9@jX*28Nr', 'user'),
(181, 181, 'henry.smith@example.com', 'kQ3!yL&67Tx', 'user'),
(182, 182, 'mia.mitchell@example.com', 'lR2%xN@41Dz', 'user'),
(183, 183, 'samuel.lee@example.com', 'jM5!kV*35Lp', 'user'),
(184, 184, 'olivia.carter@example.com', 'dT8&oQ$23Wx', 'user'),
(185, 185, 'harper.rogers@example.com', 'yN6@pK!42Gt', 'user'),
(186, 186, 'sebastian.clark@example.com', 'xR3!tM$50Pq', 'user'),
(187, 187, 'sophia.walker@example.com', 'mB9#lX*21Vy', 'user'),
(188, 188, 'jacob.hall@example.com', 'wT7!zJ@53Kp', 'user'),
(189, 189, 'scarlett.hughes@example.com', 'oL5^yM&29Dq', 'user'),
(190, 190, 'hannah.lopez@example.com', 'pK3!tV*41Xn', 'user'),
(191, 191, 'carter.king@example.com', 'jR6@oY$60Gz', 'user'),
(192, 192, 'lily.gonzalez@example.com', 'vT8!pK#37Lq', 'user'),
(193, 193, 'dylan.miller@example.com', 'cM5$kN&50Jt', 'user'),
(194, 194, 'stella.johnson@example.com', 'yR2^zQ@28Wp', 'user'),
(195, 195, 'emma.harris@example.com', 'mF8!jL#49Xn', 'user'),
(196, 196, 'james.hernandez@example.com', 'dP3^vM&42Kt', 'user'),
(197, 197, 'sophia.jones@example.com', 'oN9@kY*57Wr', 'user'),
(198, 198, 'lucas.thomas@example.com', 'pL6%xT$30Fx', 'user'),
(199, 199, 'grace.garcia@example.com', 'yK3!oV@58Mp', 'user'),
(200, 200, 'oliver.brown@example.com', 'tF8@jL#29Zq', 'user'),
(201, 201, 'maddie.anderson@example.com', 'dQ7$yR*34Kt', 'user'),
(202, 202, 'avery.thompson@example.com', 'pT3!vM#51Np', 'user'),
(203, 203, 'liam.roberts@example.com', 'wM5@kY$26Gt', 'user'),
(204, 204, 'zoey.jackson@example.com', 'oF8%xL@33Tn', 'user'),
(205, 205, 'chloe.white@example.com', 'yQ2!jK*41Mp', 'user'),
(206, 206, 'ethan.lewis@example.com', 'cT9^vN$30Dz', 'user'),
(207, 207, 'mia.lee@example.com', 'mB4@oQ*62Wx', 'user'),
(208, 208, 'nora.green@example.com', 'xT8!jL@29Rq', 'user'),
(209, 209, 'daniel.williams@example.com', 'vP6^yX$31Kt', 'user'),
(210, 210, 'scarlett.adams@example.com', 'hK5!lN@40Jt', 'user'),
(211, 211, 'amelia.smith@example.com', 'pY9@zM*27Qn', 'user'),
(212, 212, 'grace.johnson@example.com', 'cL3!kT&58Np', 'user'),
(213, 213, 'logan.martinez@example.com', 'mQ7^vY@33Fx', 'user'),
(214, 214, 'sophia.wright@example.com', 'yK4%xN$50Wp', 'user'),
(215, 215, 'james.anderson@example.com', 'dT8!oL@29Pq', 'user'),
(216, 216, 'emma.jones@example.com', 'nM9@zV*20Gr', 'user'),
(217, 217, 'harper.scott@example.com', 'xR6%tY&35Jz', 'user'),
(218, 218, 'ethan.clark@example.com', 'pK5@vM$62Tq', 'user'),
(219, 219, 'stella.baker@example.com', 'jT2^oN*41Mx', 'user'),
(220, 220, 'olivia.martin@example.com', 'hP3!zX@48Rq', 'user'),
(221, 221, 'dylan.hernandez@example.com', 'yQ6%xL$23Zt', 'user'),
(222, 222, 'scarlett.lopez@example.com', 'oT7!kY*59Bp', 'user'),
(223, 223, 'jacob.young@example.com', 'mL3^yN$41Vx', 'user'),
(224, 224, 'mia.gonzalez@example.com', 'dF8@pM!29Jq', 'user'),
(225, 225, 'avery.thompson@example.com', 'vP6^jX&32Qr', 'user'),
(226, 226, 'luke.harris@example.com', 'pN9!lT#20Mx', 'user'),
(227, 227, 'zoey.lee@example.com', 'oL7@kV$51Yt', 'user'),
(228, 228, 'harper.jackson@example.com', 'yM2^pK*42Wn', 'user'),
(229, 229, 'jacob.green@example.com', 'tF8!rY@39Qx', 'user'),
(230, 230, 'scarlett.garcia@example.com', 'xQ5^lM#50Np', 'user'),
(231, 231, 'nora.jones@example.com', 'hT3@kX*27Gz', 'user'),
(232, 232, 'ethan.hernandez@example.com', 'pY9!oQ$48Lp', 'user'),
(233, 233, 'olivia.williams@example.com', 'nR7@tM#34Fx', 'user'),
(234, 234, 'lucas.brown@example.com', 'mL6%xV$59Qw', 'user'),
(235, 235, 'mia.anderson@example.com', 'tF8^jX*20Np', 'user'),
(236, 236, 'jackson.hughes@example.com', 'oK3!yT#57Xn', 'user'),
(237, 237, 'sophia.roberts@example.com', 'vT4$kY@30Dp', 'user'),
(238, 238, 'lucas.scott@example.com', 'dQ9^zM*42Jt', 'user'),
(239, 239, 'chloe.wilson@example.com', 'mB5!lN@58Kx', 'user'),
(240, 240, 'avery.hernandez@example.com', 'oR3^tL$29Mp', 'user'),
(241, 241, 'oliver.rodriguez@example.com', 'xT7@jX#42Fq', 'user'),
(242, 242, 'lily.carter@example.com', 'tP3!yV*60Dx', 'user'),
(243, 243, 'ethan.young@example.com', 'cM8%xK@27Gp', 'user'),
(244, 244, 'maddie.smith@example.com', 'nF4!lN#52Xr', 'user'),
(245, 245, 'liam.jones@example.com', 'hQ6^jL$31Kx', 'user'),
(246, 246, 'sophia.rodriguez@example.com', 'yN5!vY*29Rp', 'user'),
(247, 247, 'scarlett.baker@example.com', 'oT9^pK#30Wt', 'user'),
(248, 248, 'emma.anderson@example.com', 'mQ3!zL*50Fq', 'user'),
(249, 249, 'henry.williams@example.com', 'vP8$kN@22Gx', 'user'),
(250, 250, 'jackson.white@example.com', 'nR4!yM#58Jp', 'user'),
(251, 251, 'mia.thompson@example.com', 'pL9^jV@30Dz', 'user'),
(252, 252, 'daniel.rodriguez@example.com', 'oK6!yX*42Fw', 'user'),
(253, 253, 'stella.johnson@example.com', 'tT3^vY@49Lq', 'user'),
(254, 254, 'zoey.wilson@example.com', 'dF7@kM$20Np', 'user'),
(255, 255, 'liam.anderson@example.com', 'xP2!jL#34Vz', 'user'),
(256, 256, 'sophia.jackson@example.com', 'mB9%xR@31Dp', 'user'),
(257, 257, 'jack.hughes@example.com', 'oL8!kN$48Tx', 'user'),
(258, 258, 'mia.green@example.com', 'yT3^vQ*56Wp', 'user'),
(259, 259, 'avery.rogers@example.com', 'cR6@lM!29Jt', 'user'),
(260, 260, 'nora.scott@example.com', 'pY5^tX@60Zx', 'user'),
(261, 261, 'henry.brown@example.com', 'vL9%xN$33Fp', 'user'),
(262, 262, 'sophia.jones@example.com', 'oK3!yT#52Gr', 'user'),
(263, 263, 'jacob.rodriguez@example.com', 'yR7@pV*24Wz', 'user'),
(264, 264, 'maddie.martin@example.com', 'cF8!oN@29Dx', 'user'),
(265, 265, 'harper.hernandez@example.com', 'jL2%xT*37Qn', 'user'),
(266, 266, 'lily.jackson@example.com', 'dM5@kY$50Np', 'user'),
(267, 267, 'liam.campbell@example.com', 'xT8#jR!61Gz', 'user'),
(268, 268, 'emma.young@example.com', 'mB3^pQ&27Lx', 'user'),
(269, 269, 'daniel.lee@example.com', 'yF5!oK@38Dp', 'user'),
(270, 270, 'scarlett.lopez@example.com', 'oN6@jX*52Zr', 'user'),
(271, 271, 'henry.johnson@example.com', 'pQ4^yM$30Fp', 'user'),
(272, 272, 'jackson.brown@example.com', 'vT3@lN*67Dx', 'user'),
(273, 273, 'mia.roberts@example.com', 'tP8%jL@42Kr', 'user'),
(274, 274, 'james.anderson@example.com', 'oK6!vY*31Np', 'user'),
(275, 275, 'lily.clark@example.com', 'pL9@zM#28Wq', 'user'),
(276, 276, 'lucas.adams@example.com', 'nF3%xQ@41Gt', 'user'),
(277, 277, 'chloe.scott@example.com', 'oR5!tL*53Zx', 'user'),
(278, 278, 'sophia.jones@example.com', 'yN8@kT$29Fp', 'user'),
(279, 279, 'liam.mitchell@example.com', 'xP3^vY&56Np', 'user'),
(280, 280, 'scarlett.gonzalez@example.com', 'dT7@lN*41Wp', 'user'),
(281, 281, 'avery.roberts@example.com', 'tK5%pY@20Lz', 'user'),
(282, 282, 'harper.walker@example.com', 'oF9@zM#29Jp', 'user'),
(283, 283, 'jackson.martinez@example.com', 'pT6!yL*32Wq', 'user'),
(284, 284, 'mia.brown@example.com', 'yR3^jX@27Dp', 'user'),
(285, 285, 'sophia.hughes@example.com', 'tM8@vN*30Gx', 'user'),
(286, 286, 'chloe.williams@example.com', 'pL5#yR@61Ft', 'user'),
(287, 287, 'jackson.lee@example.com', 'xT3^vN$29Gr', 'user'),
(288, 288, 'emma.white@example.com', 'vK8@jM!20Wp', 'user'),
(289, 289, 'avery.scott@example.com', 'mR6!pX#59Jx', 'user'),
(290, 290, 'henry.hernandez@example.com', 'dT9^yV*30Lp', 'user'),
(291, 291, 'nora.green@example.com', 'yK7@tN$47Wz', 'user'),
(292, 292, 'jacob.rogers@example.com', 'tL3%xM!22Gp', 'user'),
(293, 293, 'mia.lopez@example.com', 'oP9@kY*41Fx', 'user'),
(294, 294, 'liam.anderson@example.com', 'pT6@jV#33Nr', 'user'),
(295, 295, 'stella.james@example.com', 'xF8^yN@42Dp', 'user'),
(296, 296, 'ethan.lee@example.com', 'mK5!tX$61Wp', 'user'),
(297, 297, 'scarlett.wilson@example.com', 'oL7%xR*29Gz', 'user'),
(298, 298, 'avery.carter@example.com', 'pM9@lY$50Nx', 'user'),
(299, 299, 'liam.harris@example.com', 'tT2^yV!37Qr', 'user'),
(300, 300, 'maddie.thompson@example.com', 'yL8!pN#41Jt', 'user'),
(302, 302, 'test@gmail.com', '$2y$10$gnUlF4K4GtktPY3ivpXKiOZX7g02Hd93pgXzMXTBW2qmhzWDAbjgu', 'user'),
(304, 304, 'admin@gmail.com', '$2y$10$twjGQZoYxEaGuejP527HDORMSnIotfbaSvHkX5JHnugPQmkrIxb7S', 'admin'),
(305, 305, 'test@gmail.com', '$2y$10$ZqEUmyojtTtRNcbLlWKXrOhBt08DWv9cj3jt794H.wZ9RthvVnODG', 'user');

-- --------------------------------------------------------

--
-- Stand-in structure for view `podsumowaniesprzedazy`
-- (See below for the actual view)
--
CREATE TABLE `podsumowaniesprzedazy` (
`Marka_Produktu` varchar(50)
,`Model_Produktu` varchar(50)
,`Liczba_Zamowien` bigint(21)
,`LacznoscSprzedazy` double(19,2)
);

-- --------------------------------------------------------

--
-- Table structure for table `produkt`
--

CREATE TABLE `produkt` (
  `id_produktu` int(11) NOT NULL,
  `model_produktu` varchar(50) NOT NULL,
  `marka_produktu` varchar(50) NOT NULL,
  `cena_produktu` float NOT NULL,
  `rozmiar_produktu` double NOT NULL,
  `id_kategorii` int(11) NOT NULL
) ENGINE=InnoDB DEFAULT CHARSET=utf8mb4 COLLATE=utf8mb4_general_ci;

--
-- Dumping data for table `produkt`
--

INSERT INTO `produkt` (`id_produktu`, `model_produktu`, `marka_produktu`, `cena_produktu`, `rozmiar_produktu`, `id_kategorii`) VALUES
(1, 'Air Max', 'Nike', 399.99, 42.5, 1),
(2, 'Classic Leather', 'Reebok', 299.99, 44, 1),
(3, 'Ultraboost', 'Adidas', 499.99, 43, 1),
(4, 'Gel-Nimbus', 'Asics', 549.99, 38, 2),
(5, 'Free Run', 'Nike', 329.99, 39, 2),
(6, 'Superstar', 'Adidas', 379.99, 37.5, 2),
(7, 'Chuck Taylor', 'Converse', 279.99, 41, 3),
(8, 'Old Skool', 'Vans', 259.99, 42, 3),
(9, 'Classic Slip-On', 'Vans', 239.99, 40, 3),
(10, 'Wave Rider', 'Mizuno', 379.99, 43, 1),
(11, 'Gel-Kayano', 'Asics', 599.99, 44, 1),
(12, 'Pegasus', 'Nike', 429.99, 42, 1),
(13, 'Cali', 'Puma', 319.99, 44.5, 1),
(14, 'RS-X', 'Puma', 399.99, 45, 1),
(15, 'Nite Jogger', 'Adidas', 499.99, 43.5, 1),
(16, 'Air Zoom', 'Nike', 359.99, 38.5, 2),
(17, 'Classic Nylon', 'Reebok', 299.99, 37, 2),
(18, 'Court Vision', 'Nike', 279.99, 39.5, 2),
(19, 'RS-X3', 'Puma', 379.99, 40, 2),
(20, 'Grid 9000', 'Saucony', 339.99, 38, 2),
(21, 'Pureboost', 'Adidas', 449.99, 39, 2),
(22, 'Sk8-Hi', 'Vans', 299.99, 40.5, 3),
(23, 'Continental 80', 'Adidas', 349.99, 42, 3),
(24, 'Era', 'Vans', 259.99, 41, 3),
(25, 'One Star', 'Converse', 289.99, 43, 3),
(26, 'Club C 85', 'Reebok', 299.99, 42, 3),
(27, 'Stan Smith', 'Adidas', 319.99, 41.5, 3);

-- --------------------------------------------------------

--
-- Stand-in structure for view `produktyzkategoria`
-- (See below for the actual view)
--
CREATE TABLE `produktyzkategoria` (
`ID_Produktu` int(11)
,`Model_Produktu` varchar(50)
,`Marka_Produktu` varchar(50)
,`Cena_Produktu` float
,`Rozmiar_Produktu` double
,`Kategoria` varchar(10)
);

-- --------------------------------------------------------

--
-- Stand-in structure for view `szczegolywysylek`
-- (See below for the actual view)
--
CREATE TABLE `szczegolywysylek` (
`ID_Wysylki` int(11)
,`ID_Zamowienia` int(11)
,`Data_Zamowienia` date
,`Data_Wysylki` date
,`Status_Zamowienia` varchar(30)
);

-- --------------------------------------------------------

--
-- Stand-in structure for view `szczegolyzamowienia`
-- (See below for the actual view)
--
CREATE TABLE `szczegolyzamowienia` (
`ID_Zamowienia` int(11)
,`Imie_Klienta` varchar(50)
,`Nazwisko_Klienta` varchar(50)
,`Miejscowosc` varchar(50)
,`Model_Produktu` varchar(50)
,`Marka_Produktu` varchar(50)
,`Cena_Produktu` float
,`Data_Zamowienia` date
,`Status_Zamowienia` varchar(30)
);

-- --------------------------------------------------------

--
-- Table structure for table `wysylka`
--

CREATE TABLE `wysylka` (
  `id_wysylki` int(11) NOT NULL,
  `id_zamowienia` int(11) NOT NULL,
  `data_wysylki` date NOT NULL
) ENGINE=InnoDB DEFAULT CHARSET=utf8mb4 COLLATE=utf8mb4_general_ci;

--
-- Dumping data for table `wysylka`
--

INSERT INTO `wysylka` (`id_wysylki`, `id_zamowienia`, `data_wysylki`) VALUES
(1, 1, '2024-04-18'),
(2, 2, '2024-03-20'),
(3, 3, '2024-03-23'),
(4, 4, '2024-05-13'),
(5, 5, '2024-04-07'),
(6, 6, '2024-08-27'),
(7, 7, '2024-01-25'),
(8, 8, '2024-05-04'),
(9, 9, '2024-10-30'),
(10, 10, '2024-01-14'),
(11, 11, '2024-10-01'),
(12, 12, '2024-03-26'),
(13, 13, '2024-04-05'),
(14, 14, '2024-03-23'),
(15, 15, '2024-02-10'),
(16, 16, '2023-11-30'),
(17, 17, '2024-03-22'),
(18, 18, '2024-05-11'),
(19, 19, '2024-04-09'),
(20, 20, '2024-04-27'),
(21, 21, '2024-07-04'),
(22, 22, '2024-03-17'),
(23, 23, '2024-02-07'),
(24, 24, '2024-09-16'),
(25, 25, '2024-02-15'),
(26, 26, '2024-01-23'),
(27, 27, '2024-04-08'),
(28, 28, '2024-06-23'),
(29, 29, '2024-10-05'),
(30, 30, '2023-11-14'),
(31, 31, '2024-08-21'),
(32, 32, '2024-04-18'),
(33, 33, '2024-03-18'),
(34, 34, '2024-04-04'),
(35, 35, '2024-10-10'),
(36, 36, '2024-06-08'),
(37, 37, '2023-11-11'),
(38, 38, '2024-01-30'),
(39, 39, '2024-06-26'),
(40, 40, '2024-04-21'),
(41, 41, '2023-12-25'),
(42, 42, '2024-06-04'),
(43, 43, '2024-07-01'),
(44, 44, '2024-05-21'),
(45, 45, '2024-04-09'),
(46, 46, '2024-08-11'),
(47, 47, '2023-12-24'),
(48, 48, '2023-12-04'),
(49, 49, '2023-12-06'),
(50, 50, '2024-02-26'),
(51, 51, '2024-05-06'),
(52, 52, '2024-07-16'),
(53, 53, '2024-06-03'),
(54, 54, '2024-11-02'),
(55, 55, '2024-04-13'),
(56, 56, '2024-01-12'),
(57, 57, '2024-02-26'),
(58, 58, '2024-03-19'),
(59, 59, '2023-12-03'),
(60, 60, '2024-11-05'),
(61, 61, '2024-02-28'),
(62, 62, '2024-08-22'),
(63, 63, '2023-11-26'),
(64, 64, '2024-09-17'),
(65, 65, '2024-05-02'),
(66, 66, '2023-12-06'),
(67, 67, '2024-08-28'),
(68, 68, '2024-09-04'),
(69, 69, '2024-02-03'),
(70, 70, '2024-05-23'),
(71, 71, '2024-06-25'),
(72, 72, '2024-10-09'),
(73, 73, '2024-09-18'),
(74, 74, '2024-04-11'),
(75, 75, '2024-06-21'),
(76, 76, '2024-10-20'),
(77, 77, '2024-03-03'),
(78, 78, '2024-04-15'),
(79, 79, '2024-02-05'),
(80, 80, '2024-08-31'),
(81, 81, '2023-12-31'),
(82, 82, '2024-04-22'),
(83, 83, '2024-06-15'),
(84, 84, '2024-10-26'),
(85, 85, '2024-01-07'),
(86, 86, '2024-02-29'),
(87, 87, '2024-02-14'),
(88, 88, '2024-02-01'),
(89, 89, '2024-05-01'),
(90, 90, '2024-09-07'),
(91, 91, '2024-04-28'),
(92, 92, '2024-10-21'),
(93, 93, '2024-10-06'),
(94, 94, '2024-07-27'),
(95, 95, '2024-01-13'),
(96, 96, '2023-12-02'),
(97, 97, '2024-01-28'),
(98, 98, '2024-09-06'),
(99, 99, '2024-09-20'),
(100, 100, '2024-09-21'),
(101, 101, '2023-12-20'),
(102, 102, '2024-01-02'),
(103, 103, '2024-01-17'),
(104, 104, '2024-07-23'),
(105, 105, '2024-03-12'),
(106, 106, '2024-10-06'),
(107, 107, '2024-08-24'),
(108, 108, '2024-06-08'),
(109, 109, '2024-08-03'),
(110, 110, '2024-03-07'),
(111, 111, '2024-03-13'),
(112, 112, '2024-05-24'),
(113, 113, '2024-07-04'),
(114, 114, '2024-05-08'),
(115, 115, '2024-10-25'),
(116, 116, '2024-10-05'),
(117, 117, '2024-05-15'),
(118, 118, '2024-03-05'),
(119, 119, '2024-10-06'),
(120, 120, '2024-04-14'),
(121, 121, '2024-09-20'),
(122, 122, '2024-05-11'),
(123, 123, '2024-04-08'),
(124, 124, '2024-09-11'),
(125, 125, '2024-05-16'),
(126, 126, '2024-08-05'),
(127, 127, '2024-03-20'),
(128, 128, '2024-06-19'),
(129, 129, '2024-04-28'),
(130, 130, '2024-10-08'),
(131, 131, '2024-02-06'),
(132, 132, '2024-07-10'),
(133, 133, '2024-09-30'),
(134, 134, '2024-10-30'),
(135, 135, '2024-02-05'),
(136, 136, '2024-01-21'),
(137, 137, '2023-12-17'),
(138, 138, '2024-01-28'),
(139, 139, '2024-05-25'),
(140, 140, '2024-09-10'),
(141, 141, '2024-05-22'),
(142, 142, '2024-04-11'),
(143, 143, '2024-05-12'),
(144, 144, '2024-04-27'),
(145, 145, '2024-08-15'),
(146, 146, '2023-11-19'),
(147, 147, '2024-03-23'),
(148, 148, '2024-08-26'),
(149, 149, '2024-03-03'),
(150, 150, '2024-06-17'),
(151, 151, '2024-09-16'),
(152, 152, '2024-09-05'),
(153, 153, '2024-01-31'),
(154, 154, '2024-01-31'),
(155, 155, '2024-10-16'),
(156, 156, '2024-04-20'),
(157, 157, '2024-04-01'),
(158, 158, '2024-04-27'),
(159, 159, '2024-07-27'),
(160, 160, '2024-09-15'),
(161, 161, '2024-07-06'),
(162, 162, '2024-05-06'),
(163, 163, '2024-09-21'),
(164, 164, '2024-03-09'),
(165, 165, '2024-01-23'),
(166, 166, '2024-04-09'),
(167, 167, '2024-09-11'),
(168, 168, '2024-08-07'),
(169, 169, '2024-07-16'),
(170, 170, '2024-03-30'),
(171, 171, '2024-10-02'),
(172, 172, '2024-05-24'),
(173, 173, '2024-08-10'),
(174, 174, '2023-12-19'),
(175, 175, '2024-03-31'),
(176, 176, '2024-06-10'),
(177, 177, '2024-06-12'),
(178, 178, '2024-03-02'),
(179, 179, '2024-08-19'),
(180, 180, '2024-07-17'),
(181, 181, '2024-11-02'),
(182, 182, '2024-02-03'),
(183, 183, '2024-06-12'),
(184, 184, '2024-07-02'),
(185, 185, '2024-08-16'),
(186, 186, '2024-09-30'),
(187, 187, '2024-05-11'),
(188, 188, '2024-09-16'),
(189, 189, '2024-04-14'),
(190, 190, '2023-11-11'),
(191, 191, '2024-09-07'),
(192, 192, '2024-09-30'),
(193, 193, '2024-07-01'),
(194, 194, '2024-01-14'),
(195, 195, '2023-12-14'),
(196, 196, '2024-10-14'),
(197, 197, '2024-01-30'),
(198, 198, '2024-04-16'),
(199, 199, '2023-12-28'),
(200, 200, '2024-03-09'),
(201, 201, '2024-05-31'),
(202, 202, '2024-04-02'),
(203, 203, '2024-02-19'),
(204, 204, '2024-03-04'),
(205, 205, '2023-12-19'),
(206, 206, '2024-02-09'),
(207, 207, '2023-11-22'),
(208, 208, '2023-11-10'),
(209, 209, '2024-08-20'),
(210, 210, '2024-10-15'),
(211, 211, '2024-02-02'),
(212, 212, '2024-09-22'),
(213, 213, '2024-04-05'),
(214, 214, '2023-11-28'),
(215, 215, '2024-03-27'),
(216, 216, '2024-05-29'),
(217, 217, '2024-09-25'),
(218, 218, '2024-06-20'),
(219, 219, '2024-10-23'),
(220, 220, '2024-01-14'),
(221, 221, '2024-03-03'),
(222, 222, '2024-07-01'),
(223, 223, '2024-09-27'),
(224, 224, '2024-02-14'),
(225, 225, '2024-09-24'),
(226, 226, '2024-10-26'),
(227, 227, '2024-10-19'),
(228, 228, '2024-03-27'),
(229, 229, '2024-05-14'),
(230, 230, '2024-09-22'),
(231, 231, '2024-10-08'),
(232, 232, '2023-11-08'),
(233, 233, '2023-11-08'),
(234, 234, '2023-12-07'),
(235, 235, '2024-05-06'),
(236, 236, '2023-11-18'),
(237, 237, '2024-03-06'),
(238, 238, '2024-05-22'),
(239, 239, '2024-08-11'),
(240, 240, '2024-03-08'),
(241, 241, '2024-07-07'),
(242, 242, '2023-11-18'),
(243, 243, '2023-12-10'),
(244, 244, '2024-03-01'),
(245, 245, '2024-09-28'),
(246, 246, '2023-11-15'),
(247, 247, '2023-12-01'),
(248, 248, '2024-07-31'),
(249, 249, '2023-12-10'),
(250, 250, '2024-04-20'),
(251, 251, '2024-02-11'),
(252, 252, '2023-11-14'),
(253, 253, '2024-01-12'),
(254, 254, '2024-03-08'),
(255, 255, '2024-08-15'),
(256, 256, '2024-07-22'),
(257, 257, '2024-07-03'),
(258, 258, '2024-01-04'),
(259, 259, '2024-03-25'),
(260, 260, '2024-06-15'),
(261, 261, '2024-10-01'),
(262, 262, '2024-01-05'),
(263, 263, '2024-08-22'),
(264, 264, '2024-06-26'),
(265, 265, '2024-07-13'),
(266, 266, '2024-06-18'),
(267, 267, '2024-10-21'),
(268, 268, '2024-04-21'),
(269, 269, '2023-12-26'),
(270, 270, '2024-02-03'),
(271, 271, '2024-05-29'),
(272, 272, '2024-06-07'),
(273, 273, '2024-05-11'),
(274, 274, '2024-04-08'),
(275, 275, '2024-03-28'),
(276, 276, '2023-11-10'),
(277, 277, '2024-04-05'),
(278, 278, '2024-10-24'),
(279, 279, '2024-09-13'),
(280, 280, '2023-12-02'),
(281, 281, '2024-06-08'),
(282, 282, '2024-09-30'),
(283, 283, '2024-01-13'),
(284, 284, '2024-08-13'),
(285, 285, '2023-11-30'),
(286, 286, '2024-10-28'),
(287, 287, '2023-11-13'),
(288, 288, '2024-03-14'),
(289, 289, '2024-06-06'),
(290, 290, '2024-07-03'),
(291, 291, '2024-02-14'),
(292, 292, '2024-08-03'),
(293, 293, '2024-04-13'),
(294, 294, '2024-03-30'),
(295, 295, '2024-10-17'),
(296, 296, '2024-04-03'),
(297, 297, '2024-03-26'),
(298, 298, '2024-09-04'),
(299, 299, '2024-07-16'),
(300, 300, '2024-02-18');

-- --------------------------------------------------------

--
-- Table structure for table `zamowienia`
--

CREATE TABLE `zamowienia` (
  `id_zamowienia` int(11) NOT NULL,
  `id_klienta` int(11) NOT NULL,
  `data_zamowienia` date NOT NULL,
  `id_produktu` int(11) NOT NULL,
  `status_zamowienia` varchar(30) NOT NULL
) ENGINE=InnoDB DEFAULT CHARSET=utf8mb4 COLLATE=utf8mb4_general_ci;

--
-- Dumping data for table `zamowienia`
--

INSERT INTO `zamowienia` (`id_zamowienia`, `id_klienta`, `data_zamowienia`, `id_produktu`, `status_zamowienia`) VALUES
(1, 1, '2024-03-23', 15, 'W trakcie realizacji'),
(2, 2, '2024-02-09', 18, 'Oczekujące'),
(3, 3, '2024-05-08', 9, 'Anulowane'),
(4, 4, '2024-04-21', 25, 'Zakończone'),
(5, 5, '2024-10-13', 6, 'Zakończone'),
(6, 6, '2024-08-16', 6, 'Anulowane'),
(7, 7, '2024-09-10', 3, 'Zakończone'),
(8, 8, '2024-01-26', 8, 'Zwrot'),
(9, 9, '2024-05-12', 16, 'Oczekujące'),
(10, 10, '2024-06-06', 18, 'Zwrot'),
(11, 11, '2024-04-20', 21, 'Dostarczone'),
(12, 12, '2024-01-29', 1, 'Oczekujące'),
(13, 13, '2024-01-16', 25, 'Potwierdzone'),
(14, 14, '2023-11-13', 23, 'Zwrócono'),
(15, 15, '2024-04-10', 22, 'Wysłane'),
(16, 16, '2024-07-07', 8, 'Oczekujące'),
(17, 17, '2024-07-30', 2, 'Anulowane'),
(18, 18, '2024-08-26', 23, 'Dostarczone'),
(19, 19, '2023-11-23', 19, 'Zakończone'),
(20, 20, '2024-06-14', 20, 'Wysłane'),
(21, 21, '2023-11-28', 4, 'Wysłane'),
(22, 22, '2024-05-06', 6, 'W trakcie realizacji'),
(23, 23, '2024-04-28', 3, 'Zwrot'),
(24, 24, '2024-06-01', 7, 'W trakcie realizacji'),
(25, 25, '2024-03-31', 12, 'Potwierdzone'),
(26, 26, '2024-04-08', 13, 'Potwierdzone'),
(27, 27, '2024-03-13', 15, 'W trakcie realizacji'),
(28, 28, '2023-11-15', 5, 'Zakończone'),
(29, 29, '2024-01-05', 24, 'Zwrot'),
(30, 30, '2024-08-24', 3, 'Anulowane'),
(31, 31, '2024-05-31', 10, 'Zwrócono'),
(32, 32, '2023-12-06', 15, 'Dostarczone'),
(33, 33, '2024-08-14', 22, 'Wysłane'),
(34, 34, '2024-07-06', 16, 'Wysłane'),
(35, 35, '2024-09-11', 9, 'Potwierdzone'),
(36, 36, '2024-06-03', 25, 'Oczekujące'),
(37, 37, '2023-11-19', 25, 'Anulowane'),
(38, 38, '2023-12-18', 16, 'Wysłane'),
(39, 39, '2024-09-01', 15, 'Oczekujące'),
(40, 40, '2024-10-21', 19, 'Potwierdzone'),
(41, 41, '2024-07-18', 20, 'W trakcie realizacji'),
(42, 42, '2024-10-16', 13, 'W trakcie realizacji'),
(43, 43, '2024-11-01', 25, 'Oczekujące'),
(44, 44, '2024-09-23', 13, 'Potwierdzone'),
(45, 45, '2024-07-02', 10, 'Oczekujące'),
(46, 46, '2023-12-31', 16, 'Anulowane'),
(47, 47, '2024-04-04', 9, 'Zwrócono'),
(48, 48, '2024-04-25', 3, 'Zakończone'),
(49, 49, '2024-04-29', 15, 'Wysłane'),
(50, 50, '2024-04-17', 16, 'Wysłane'),
(51, 51, '2023-11-10', 5, 'Zakończone'),
(52, 52, '2024-10-27', 10, 'Dostarczone'),
(53, 53, '2024-01-19', 11, 'Zwrócono'),
(54, 54, '2024-04-24', 18, 'Wysłane'),
(55, 55, '2024-08-12', 9, 'Potwierdzone'),
(56, 56, '2024-10-15', 23, 'Oczekujące'),
(57, 57, '2024-02-10', 24, 'Zakończone'),
(58, 58, '2024-04-24', 14, 'Wysłane'),
(59, 59, '2024-08-29', 20, 'Zwrot'),
(60, 60, '2024-02-24', 13, 'Zakończone'),
(61, 61, '2024-02-07', 11, 'Potwierdzone'),
(62, 62, '2023-12-25', 16, 'Dostarczone'),
(63, 63, '2024-05-23', 4, 'Zwrócono'),
(64, 64, '2024-01-16', 24, 'Zakończone'),
(65, 65, '2023-12-08', 9, 'Oczekujące'),
(66, 66, '2024-09-11', 9, 'Zwrot'),
(67, 67, '2023-12-09', 17, 'Zwrot'),
(68, 68, '2024-03-13', 6, 'Zakończone'),
(69, 69, '2024-08-02', 1, 'W trakcie realizacji'),
(70, 70, '2024-03-12', 15, 'W trakcie realizacji'),
(71, 71, '2024-03-11', 20, 'Wysłane'),
(72, 72, '2024-10-06', 20, 'Zwrot'),
(73, 73, '2024-03-17', 10, 'Wysłane'),
(74, 74, '2023-11-22', 19, 'Oczekujące'),
(75, 75, '2024-09-17', 3, 'Zakończone'),
(76, 76, '2024-03-03', 12, 'Anulowane'),
(77, 77, '2024-08-12', 8, 'Zakończone'),
(78, 78, '2024-05-04', 20, 'Potwierdzone'),
(79, 79, '2023-12-02', 25, 'Anulowane'),
(80, 80, '2024-08-17', 24, 'Dostarczone'),
(81, 81, '2024-06-01', 21, 'W trakcie realizacji'),
(82, 82, '2024-05-28', 18, 'Oczekujące'),
(83, 83, '2024-09-25', 1, 'Wysłane'),
(84, 84, '2023-11-26', 6, 'Potwierdzone'),
(85, 85, '2024-08-27', 8, 'Zakończone'),
(86, 86, '2024-10-29', 19, 'Oczekujące'),
(87, 87, '2024-07-30', 24, 'Wysłane'),
(88, 88, '2024-02-28', 21, 'Wysłane'),
(89, 89, '2024-01-18', 18, 'Wysłane'),
(90, 90, '2024-02-12', 19, 'Zakończone'),
(91, 91, '2023-12-04', 23, 'Wysłane'),
(92, 92, '2024-06-02', 23, 'Zwrócono'),
(93, 93, '2024-06-25', 1, 'Dostarczone'),
(94, 94, '2024-03-26', 13, 'Wysłane'),
(95, 95, '2023-11-19', 5, 'Oczekujące'),
(96, 96, '2024-01-01', 4, 'Oczekujące'),
(97, 97, '2024-10-24', 25, 'Potwierdzone'),
(98, 98, '2024-09-29', 21, 'Potwierdzone'),
(99, 99, '2024-02-09', 24, 'Anulowane'),
(100, 100, '2024-06-13', 5, 'Potwierdzone'),
(101, 101, '2024-05-24', 3, 'Wysłane'),
(102, 102, '2024-11-03', 3, 'Zakończone'),
(103, 103, '2024-01-20', 4, 'Anulowane'),
(104, 104, '2024-01-06', 16, 'Zwrócono'),
(105, 105, '2024-03-14', 2, 'Oczekujące'),
(106, 106, '2024-01-06', 20, 'Potwierdzone'),
(107, 107, '2024-06-14', 3, 'Zakończone'),
(108, 108, '2024-04-01', 24, 'Wysłane'),
(109, 109, '2023-12-04', 15, 'Zwrot'),
(110, 110, '2024-02-06', 14, 'Potwierdzone'),
(111, 111, '2023-11-22', 8, 'Zwrot'),
(112, 112, '2024-08-24', 3, 'W trakcie realizacji'),
(113, 113, '2024-04-06', 21, 'Dostarczone'),
(114, 114, '2024-09-19', 23, 'Zwrócono'),
(115, 115, '2024-06-12', 14, 'Zwrot'),
(116, 116, '2024-02-06', 11, 'Dostarczone'),
(117, 117, '2024-03-10', 8, 'Zwrócono'),
(118, 118, '2023-11-21', 22, 'Potwierdzone'),
(119, 119, '2024-04-13', 23, 'Zakończone'),
(120, 120, '2024-03-18', 1, 'W trakcie realizacji'),
(121, 121, '2024-10-15', 15, 'W trakcie realizacji'),
(122, 122, '2024-04-30', 2, 'Zakończone'),
(123, 123, '2024-04-25', 15, 'Anulowane'),
(124, 124, '2024-03-05', 17, 'Anulowane'),
(125, 125, '2024-10-19', 2, 'Dostarczone'),
(126, 126, '2023-12-16', 4, 'Wysłane'),
(127, 127, '2024-04-25', 13, 'Potwierdzone'),
(128, 128, '2024-01-09', 7, 'Anulowane'),
(129, 129, '2024-09-07', 21, 'W trakcie realizacji'),
(130, 130, '2024-04-29', 2, 'Oczekujące'),
(131, 131, '2024-04-20', 13, 'Zakończone'),
(132, 132, '2024-09-24', 2, 'Zakończone'),
(133, 133, '2024-07-31', 23, 'Zwrócono'),
(134, 134, '2023-12-15', 18, 'Anulowane'),
(135, 135, '2024-10-13', 12, 'Anulowane'),
(136, 136, '2024-03-02', 17, 'Dostarczone'),
(137, 137, '2024-10-19', 2, 'Oczekujące'),
(138, 138, '2024-07-29', 12, 'W trakcie realizacji'),
(139, 139, '2024-01-29', 8, 'Oczekujące'),
(140, 140, '2024-09-13', 9, 'Oczekujące'),
(141, 141, '2024-01-31', 15, 'Zwrot'),
(142, 142, '2023-12-19', 22, 'Oczekujące'),
(143, 143, '2024-06-29', 3, 'Wysłane'),
(144, 144, '2024-04-04', 7, 'Zwrócono'),
(145, 145, '2024-07-05', 6, 'Anulowane'),
(146, 146, '2024-09-20', 5, 'W trakcie realizacji'),
(147, 147, '2024-02-01', 6, 'Wysłane'),
(148, 148, '2023-12-07', 23, 'Zwrócono'),
(149, 149, '2024-08-16', 6, 'Wysłane'),
(150, 150, '2024-02-07', 5, 'Potwierdzone'),
(151, 151, '2024-08-12', 13, 'Zakończone'),
(152, 152, '2024-09-15', 2, 'W trakcie realizacji'),
(153, 153, '2024-09-02', 9, 'Anulowane'),
(154, 154, '2024-04-08', 14, 'Dostarczone'),
(155, 155, '2024-05-18', 3, 'Zwrócono'),
(156, 156, '2023-12-22', 7, 'Oczekujące'),
(157, 157, '2023-12-23', 21, 'Oczekujące'),
(158, 158, '2024-04-13', 7, 'W trakcie realizacji'),
(159, 159, '2024-09-27', 9, 'Zakończone'),
(160, 160, '2024-11-03', 14, 'Oczekujące'),
(161, 161, '2024-10-15', 14, 'Oczekujące'),
(162, 162, '2023-12-01', 7, 'Zakończone'),
(163, 163, '2024-07-12', 23, 'Oczekujące'),
(164, 164, '2024-01-03', 6, 'Zakończone'),
(165, 165, '2024-08-16', 10, 'Dostarczone'),
(166, 166, '2024-01-27', 22, 'Potwierdzone'),
(167, 167, '2023-12-24', 24, 'Zwrot'),
(168, 168, '2024-07-15', 21, 'Wysłane'),
(169, 169, '2024-08-25', 18, 'Potwierdzone'),
(170, 170, '2024-07-15', 24, 'Wysłane'),
(171, 171, '2024-03-28', 6, 'Zakończone'),
(172, 172, '2024-08-15', 14, 'Dostarczone'),
(173, 173, '2024-04-04', 25, 'Potwierdzone'),
(174, 174, '2024-08-05', 22, 'Anulowane'),
(175, 175, '2023-11-25', 15, 'Wysłane'),
(176, 176, '2024-04-11', 18, 'Anulowane'),
(177, 177, '2023-11-10', 13, 'Zakończone'),
(178, 178, '2024-09-08', 24, 'Zakończone'),
(179, 179, '2024-07-05', 23, 'Wysłane'),
(180, 180, '2023-12-27', 8, 'Zwrot'),
(181, 181, '2024-09-22', 8, 'Dostarczone'),
(182, 182, '2024-01-11', 15, 'Zwrócono'),
(183, 183, '2024-10-22', 1, 'Wysłane'),
(184, 184, '2024-05-01', 25, 'Zakończone'),
(185, 185, '2024-07-10', 15, 'Zwrot'),
(186, 186, '2024-10-23', 4, 'Zwrot'),
(187, 187, '2024-03-06', 17, 'W trakcie realizacji'),
(188, 188, '2023-11-16', 16, 'Zwrócono'),
(189, 189, '2023-12-21', 17, 'Wysłane'),
(190, 190, '2024-01-08', 6, 'Wysłane'),
(191, 191, '2024-07-15', 10, 'Zakończone'),
(192, 192, '2024-03-17', 20, 'Potwierdzone'),
(193, 193, '2024-07-04', 22, 'Anulowane'),
(194, 194, '2024-03-12', 7, 'Zwrócono'),
(195, 195, '2024-03-06', 17, 'Wysłane'),
(196, 196, '2024-06-11', 17, 'Wysłane'),
(197, 197, '2024-07-18', 5, 'Anulowane'),
(198, 198, '2024-06-30', 15, 'Dostarczone'),
(199, 199, '2024-01-10', 4, 'Zwrot'),
(200, 200, '2024-06-07', 21, 'Wysłane'),
(201, 201, '2024-01-13', 23, 'Dostarczone'),
(202, 202, '2024-02-03', 4, 'Potwierdzone'),
(203, 203, '2024-02-26', 22, 'Zakończone'),
(204, 204, '2024-09-27', 17, 'Anulowane'),
(205, 205, '2024-10-07', 17, 'Dostarczone'),
(206, 206, '2024-01-17', 23, 'W trakcie realizacji'),
(207, 207, '2024-06-26', 22, 'Wysłane'),
(208, 208, '2023-11-14', 6, 'Anulowane'),
(209, 209, '2024-02-06', 25, 'Zwrot'),
(210, 210, '2024-01-13', 17, 'Zwrócono'),
(211, 211, '2024-04-04', 11, 'Zwrócono'),
(212, 212, '2023-12-15', 5, 'Zwrócono'),
(213, 213, '2024-03-28', 10, 'Zwrot'),
(214, 214, '2024-01-09', 16, 'Zwrócono'),
(215, 215, '2024-09-03', 3, 'W trakcie realizacji'),
(216, 216, '2024-08-21', 2, 'Wysłane'),
(217, 217, '2024-07-04', 18, 'Potwierdzone'),
(218, 218, '2024-01-09', 11, 'Wysłane'),
(219, 219, '2024-05-28', 2, 'Zwrot'),
(220, 220, '2024-01-31', 7, 'Oczekujące'),
(221, 221, '2023-12-21', 16, 'Anulowane'),
(222, 222, '2024-10-31', 15, 'Zwrócono'),
(223, 223, '2024-07-01', 11, 'Potwierdzone'),
(224, 224, '2024-05-01', 3, 'Oczekujące'),
(225, 225, '2024-10-06', 16, 'Anulowane'),
(226, 226, '2024-02-04', 3, 'W trakcie realizacji'),
(227, 227, '2024-09-27', 11, 'Oczekujące'),
(228, 228, '2024-04-11', 17, 'Potwierdzone'),
(229, 229, '2024-04-11', 15, 'Zwrot'),
(230, 230, '2024-10-22', 5, 'Dostarczone'),
(231, 231, '2024-06-21', 25, 'Oczekujące'),
(232, 232, '2024-05-23', 11, 'Zwrócono'),
(233, 233, '2023-12-07', 5, 'Zakończone'),
(234, 234, '2023-11-23', 18, 'Zwrócono'),
(235, 235, '2024-05-13', 5, 'Wysłane'),
(236, 236, '2023-12-01', 20, 'Zakończone'),
(237, 237, '2024-09-16', 6, 'W trakcie realizacji'),
(238, 238, '2024-03-18', 13, 'Anulowane'),
(239, 239, '2024-01-09', 2, 'Zakończone'),
(240, 240, '2024-08-01', 11, 'Oczekujące'),
(241, 241, '2024-04-21', 5, 'Zwrócono'),
(242, 242, '2024-08-02', 12, 'Dostarczone'),
(243, 243, '2024-07-14', 23, 'W trakcie realizacji'),
(244, 244, '2024-09-07', 11, 'Anulowane'),
(245, 245, '2024-07-20', 15, 'Anulowane'),
(246, 246, '2024-10-18', 15, 'Zwrot'),
(247, 247, '2024-06-27', 11, 'W trakcie realizacji'),
(248, 248, '2023-11-17', 23, 'W trakcie realizacji'),
(249, 249, '2024-03-15', 22, 'Potwierdzone'),
(250, 250, '2023-12-19', 16, 'Potwierdzone'),
(251, 251, '2024-10-20', 12, 'Potwierdzone'),
(252, 252, '2024-07-09', 8, 'Dostarczone'),
(253, 253, '2024-11-06', 1, 'Anulowane'),
(254, 254, '2024-05-08', 18, 'Anulowane'),
(255, 255, '2024-10-12', 21, 'Wysłane'),
(256, 256, '2024-08-23', 2, 'W trakcie realizacji'),
(257, 257, '2024-03-24', 14, 'W trakcie realizacji'),
(258, 258, '2024-08-30', 3, 'Potwierdzone'),
(259, 259, '2024-08-24', 17, 'Zakończone'),
(260, 260, '2024-08-19', 13, 'Wysłane'),
(261, 261, '2024-04-02', 14, 'Wysłane'),
(262, 262, '2024-04-15', 19, 'Dostarczone'),
(263, 263, '2024-02-24', 23, 'Wysłane'),
(264, 264, '2024-10-11', 8, 'Anulowane'),
(265, 265, '2024-10-13', 12, 'Zwrot'),
(266, 266, '2024-03-08', 25, 'Wysłane'),
(267, 267, '2024-10-06', 24, 'Dostarczone'),
(268, 268, '2024-03-31', 20, 'Dostarczone'),
(269, 269, '2024-01-30', 25, 'Wysłane'),
(270, 270, '2024-01-22', 3, 'Zakończone'),
(271, 271, '2024-03-17', 6, 'Zwrócono'),
(272, 272, '2024-07-28', 11, 'Dostarczone'),
(273, 273, '2024-09-03', 5, 'Potwierdzone'),
(274, 274, '2024-06-19', 20, 'Zakończone'),
(275, 275, '2024-05-14', 11, 'Zakończone'),
(276, 276, '2024-10-27', 2, 'Zwrot'),
(277, 277, '2024-09-28', 18, 'Wysłane'),
(278, 278, '2024-09-16', 25, 'Zwrócono'),
(279, 279, '2024-09-10', 15, 'Zwrócono'),
(280, 280, '2024-02-15', 14, 'Wysłane'),
(281, 281, '2023-12-06', 25, 'Zakończone'),
(282, 282, '2023-12-25', 19, 'Zwrot'),
(283, 283, '2024-05-31', 9, 'Wysłane'),
(284, 284, '2024-05-22', 21, 'Zakończone'),
(285, 285, '2024-02-14', 7, 'Potwierdzone'),
(286, 286, '2024-09-20', 18, 'Zakończone'),
(287, 287, '2024-08-25', 22, 'Zwrócono'),
(288, 288, '2023-12-17', 4, 'Potwierdzone'),
(289, 289, '2023-12-11', 4, 'W trakcie realizacji'),
(290, 290, '2023-12-20', 4, 'Anulowane'),
(291, 291, '2023-11-23', 4, 'Potwierdzone'),
(292, 292, '2024-07-31', 9, 'Anulowane'),
(293, 293, '2024-05-02', 16, 'Zwrot'),
(294, 294, '2024-08-20', 3, 'Dostarczone'),
(295, 295, '2024-07-11', 8, 'Zwrócono'),
(296, 296, '2024-03-28', 23, 'Zwrot'),
(297, 297, '2024-10-21', 6, 'Anulowane'),
(298, 298, '2024-09-21', 3, 'Zakończone'),
(299, 299, '2024-06-04', 13, 'Oczekujące'),
(300, 300, '2024-07-18', 4, 'Dostarczone');

-- --------------------------------------------------------

--
-- Structure for view `podsumowaniesprzedazy`
--
DROP TABLE IF EXISTS `podsumowaniesprzedazy`;

CREATE ALGORITHM=UNDEFINED DEFINER=`root`@`localhost` SQL SECURITY DEFINER VIEW `podsumowaniesprzedazy`  AS SELECT `produkt`.`marka_produktu` AS `Marka_Produktu`, `produkt`.`model_produktu` AS `Model_Produktu`, count(`zamowienia`.`id_zamowienia`) AS `Liczba_Zamowien`, round(sum(`produkt`.`cena_produktu`),2) AS `LacznoscSprzedazy` FROM (`zamowienia` join `produkt` on(`zamowienia`.`id_produktu` = `produkt`.`id_produktu`)) GROUP BY `produkt`.`marka_produktu`, `produkt`.`model_produktu` ;

-- --------------------------------------------------------

--
-- Structure for view `produktyzkategoria`
--
DROP TABLE IF EXISTS `produktyzkategoria`;

CREATE ALGORITHM=UNDEFINED DEFINER=`root`@`localhost` SQL SECURITY DEFINER VIEW `produktyzkategoria`  AS SELECT `produkt`.`id_produktu` AS `ID_Produktu`, `produkt`.`model_produktu` AS `Model_Produktu`, `produkt`.`marka_produktu` AS `Marka_Produktu`, `produkt`.`cena_produktu` AS `Cena_Produktu`, `produkt`.`rozmiar_produktu` AS `Rozmiar_Produktu`, `kategoria`.`plec` AS `Kategoria` FROM (`produkt` join `kategoria` on(`produkt`.`id_kategorii` = `kategoria`.`id_kategorii`)) ;

-- --------------------------------------------------------

--
-- Structure for view `szczegolywysylek`
--
DROP TABLE IF EXISTS `szczegolywysylek`;

CREATE ALGORITHM=UNDEFINED DEFINER=`root`@`localhost` SQL SECURITY DEFINER VIEW `szczegolywysylek`  AS SELECT `wysylka`.`id_wysylki` AS `ID_Wysylki`, `wysylka`.`id_zamowienia` AS `ID_Zamowienia`, `zamowienia`.`data_zamowienia` AS `Data_Zamowienia`, `wysylka`.`data_wysylki` AS `Data_Wysylki`, `zamowienia`.`status_zamowienia` AS `Status_Zamowienia` FROM (`wysylka` join `zamowienia` on(`wysylka`.`id_zamowienia` = `zamowienia`.`id_zamowienia`)) ;

-- --------------------------------------------------------

--
-- Structure for view `szczegolyzamowienia`
--
DROP TABLE IF EXISTS `szczegolyzamowienia`;

CREATE ALGORITHM=UNDEFINED DEFINER=`root`@`localhost` SQL SECURITY DEFINER VIEW `szczegolyzamowienia`  AS SELECT `zamowienia`.`id_zamowienia` AS `ID_Zamowienia`, `klient`.`imie` AS `Imie_Klienta`, `klient`.`nazwisko` AS `Nazwisko_Klienta`, `klient`.`miejscowosc` AS `Miejscowosc`, `produkt`.`model_produktu` AS `Model_Produktu`, `produkt`.`marka_produktu` AS `Marka_Produktu`, `produkt`.`cena_produktu` AS `Cena_Produktu`, `zamowienia`.`data_zamowienia` AS `Data_Zamowienia`, `zamowienia`.`status_zamowienia` AS `Status_Zamowienia` FROM ((`zamowienia` join `klient` on(`zamowienia`.`id_klienta` = `klient`.`id_klienta`)) join `produkt` on(`zamowienia`.`id_produktu` = `produkt`.`id_produktu`)) ORDER BY `zamowienia`.`id_zamowienia` ASC ;

--
-- Indexes for dumped tables
--

--
-- Indexes for table `kategoria`
--
ALTER TABLE `kategoria`
  ADD PRIMARY KEY (`id_kategorii`);

--
-- Indexes for table `klient`
--
ALTER TABLE `klient`
  ADD PRIMARY KEY (`id_klienta`);

--
-- Indexes for table `logowanie`
--
ALTER TABLE `logowanie`
  ADD PRIMARY KEY (`id_logowania`),
  ADD KEY `id_klienta` (`id_klienta`);

--
-- Indexes for table `produkt`
--
ALTER TABLE `produkt`
  ADD PRIMARY KEY (`id_produktu`),
  ADD KEY `id_kategorii` (`id_kategorii`);

--
-- Indexes for table `wysylka`
--
ALTER TABLE `wysylka`
  ADD PRIMARY KEY (`id_wysylki`),
  ADD KEY `id_zamowienia` (`id_zamowienia`);

--
-- Indexes for table `zamowienia`
--
ALTER TABLE `zamowienia`
  ADD PRIMARY KEY (`id_zamowienia`),
  ADD KEY `id_klienta` (`id_klienta`),
  ADD KEY `id_produktu` (`id_produktu`);

--
-- AUTO_INCREMENT for dumped tables
--

--
-- AUTO_INCREMENT for table `klient`
--
ALTER TABLE `klient`
  MODIFY `id_klienta` int(11) NOT NULL AUTO_INCREMENT, AUTO_INCREMENT=306;

--
-- AUTO_INCREMENT for table `logowanie`
--
ALTER TABLE `logowanie`
  MODIFY `id_logowania` int(11) NOT NULL AUTO_INCREMENT, AUTO_INCREMENT=306;

--
-- Constraints for dumped tables
--

--
-- Constraints for table `logowanie`
--
ALTER TABLE `logowanie`
  ADD CONSTRAINT `logowanie_ibfk_1` FOREIGN KEY (`id_klienta`) REFERENCES `klient` (`id_klienta`);

--
-- Constraints for table `produkt`
--
ALTER TABLE `produkt`
  ADD CONSTRAINT `produkt_ibfk_1` FOREIGN KEY (`id_kategorii`) REFERENCES `kategoria` (`id_kategorii`);

--
-- Constraints for table `wysylka`
--
ALTER TABLE `wysylka`
  ADD CONSTRAINT `wysylka_ibfk_1` FOREIGN KEY (`id_zamowienia`) REFERENCES `zamowienia` (`id_zamowienia`);

--
-- Constraints for table `zamowienia`
--
ALTER TABLE `zamowienia`
  ADD CONSTRAINT `zamowienia_ibfk_1` FOREIGN KEY (`id_klienta`) REFERENCES `klient` (`id_klienta`),
  ADD CONSTRAINT `zamowienia_ibfk_2` FOREIGN KEY (`id_produktu`) REFERENCES `produkt` (`id_produktu`);
COMMIT;

/*!40101 SET CHARACTER_SET_CLIENT=@OLD_CHARACTER_SET_CLIENT */;
/*!40101 SET CHARACTER_SET_RESULTS=@OLD_CHARACTER_SET_RESULTS */;
/*!40101 SET COLLATION_CONNECTION=@OLD_COLLATION_CONNECTION */;
